  ,Ebeam,x,y,z,Q2,pT,obs,value,stat,systrel,systabs,target,hadron,Experiment
0,11.0,0.125802,0.622955,0.326177,1.611696,0.148847,AUT,0.0,0.002045,0.070207,0.000986,neutron,pi-,solid
1,11.0,0.148232,0.547478,0.325454,1.673420,0.136256,AUT,0.0,0.001925,0.070207,0.000999,neutron,pi-,solid
2,11.0,0.165785,0.498129,0.325051,1.703341,0.127326,AUT,0.0,0.002042,0.070207,0.001012,neutron,pi-,solid
3,11.0,0.184811,0.455435,0.324780,1.735851,0.118300,AUT,0.0,0.002325,0.070207,0.001026,neutron,pi-,solid
4,11.0,0.210979,0.407410,0.324451,1.771143,0.112273,AUT,0.0,0.002417,0.070207,0.001046,neutron,pi-,solid
5,11.0,0.255099,0.347460,0.323923,1.822354,0.120721,AUT,0.0,0.002481,0.070207,0.001078,neutron,pi-,solid
6,11.0,0.065550,0.791966,0.321549,1.069515,0.345243,AUT,0.0,0.002030,0.070207,0.000970,neutron,pi-,solid
7,11.0,0.074790,0.713495,0.322957,1.100456,0.342826,AUT,0.0,0.001833,0.070207,0.000968,neutron,pi-,solid
8,11.0,0.082969,0.647037,0.323604,1.107336,0.340796,AUT,0.0,0.001925,0.070207,0.000967,neutron,pi-,solid
9,11.0,0.094905,0.592269,0.325135,1.158278,0.341596,AUT,0.0,0.002226,0.070207,0.000968,neutron,pi-,solid
10,11.0,0.137762,0.615161,0.330118,1.739958,0.243819,AUT,0.0,0.001914,0.070207,0.000994,neutron,pi-,solid
11,11.0,0.208448,0.441088,0.330208,1.852383,0.226918,AUT,0.0,0.006089,0.070207,0.001043,neutron,pi-,solid
12,11.0,0.063402,0.809200,0.326603,1.056964,0.463923,AUT,0.0,0.001922,0.070207,0.000969,neutron,pi-,solid
13,11.0,0.073581,0.721328,0.328226,1.094077,0.451775,AUT,0.0,0.001949,0.070207,0.000967,neutron,pi-,solid
14,11.0,0.086671,0.628968,0.329953,1.121913,0.444420,AUT,0.0,0.002786,0.070207,0.000966,neutron,pi-,solid
15,11.0,0.107324,0.538590,0.334455,1.190666,0.431551,AUT,0.0,0.013247,0.070207,0.000968,neutron,pi-,solid
16,11.0,0.122772,0.588311,0.374850,1.484773,0.151421,AUT,0.0,0.001933,0.070207,0.000971,neutron,pi-,solid
17,11.0,0.146973,0.525996,0.373884,1.594248,0.137612,AUT,0.0,0.001901,0.070207,0.000985,neutron,pi-,solid
18,11.0,0.167068,0.483186,0.373759,1.664779,0.126883,AUT,0.0,0.002010,0.070207,0.000998,neutron,pi-,solid
19,11.0,0.191460,0.438125,0.373813,1.728985,0.117880,AUT,0.0,0.002187,0.070207,0.001016,neutron,pi-,solid
20,11.0,0.234725,0.372011,0.373806,1.792014,0.119747,AUT,0.0,0.002062,0.070207,0.001045,neutron,pi-,solid
21,11.0,0.290477,0.317804,0.373518,1.905173,0.141331,AUT,0.0,0.015572,0.070207,0.001081,neutron,pi-,solid
22,11.0,0.072026,0.737036,0.371751,1.090975,0.353087,AUT,0.0,0.001883,0.070207,0.000960,neutron,pi-,solid
23,11.0,0.087533,0.627686,0.372625,1.132237,0.352049,AUT,0.0,0.001875,0.070207,0.000958,neutron,pi-,solid
24,11.0,0.110512,0.627331,0.375818,1.434504,0.296620,AUT,0.0,0.001881,0.070207,0.000966,neutron,pi-,solid
25,11.0,0.138075,0.604234,0.376812,1.718398,0.251636,AUT,0.0,0.001876,0.070207,0.000982,neutron,pi-,solid
26,11.0,0.167346,0.514906,0.376582,1.771577,0.248062,AUT,0.0,0.002715,0.070207,0.001000,neutron,pi-,solid
27,11.0,0.228709,0.389070,0.376343,1.812361,0.247508,AUT,0.0,0.004851,0.070207,0.001040,neutron,pi-,solid
28,11.0,0.063804,0.809646,0.373571,1.064526,0.500012,AUT,0.0,0.001839,0.070207,0.000961,neutron,pi-,solid
29,11.0,0.072379,0.745761,0.374668,1.113590,0.487904,AUT,0.0,0.001882,0.070207,0.000960,neutron,pi-,solid
30,11.0,0.079583,0.693439,0.375517,1.138394,0.478185,AUT,0.0,0.001972,0.070207,0.000959,neutron,pi-,solid
31,11.0,0.088692,0.637457,0.376234,1.165943,0.470748,AUT,0.0,0.002264,0.070207,0.000958,neutron,pi-,solid
32,11.0,0.106487,0.560417,0.377861,1.224421,0.459825,AUT,0.0,0.004855,0.070207,0.000960,neutron,pi-,solid
33,11.0,0.069532,0.741368,0.386977,1.047796,0.624072,AUT,0.0,0.004134,0.070207,0.000957,neutron,pi-,solid
34,11.0,0.123517,0.562592,0.423764,1.428372,0.150632,AUT,0.0,0.001893,0.070207,0.000961,neutron,pi-,solid
35,11.0,0.154605,0.504386,0.423557,1.607039,0.132090,AUT,0.0,0.001894,0.070207,0.000978,neutron,pi-,solid
36,11.0,0.184745,0.448267,0.423783,1.705911,0.121489,AUT,0.0,0.002038,0.070207,0.000998,neutron,pi-,solid
37,11.0,0.234174,0.373944,0.423643,1.793625,0.123487,AUT,0.0,0.002161,0.070207,0.001029,neutron,pi-,solid
38,11.0,0.081098,0.671508,0.421960,1.114350,0.357082,AUT,0.0,0.001856,0.070207,0.000951,neutron,pi-,solid
39,11.0,0.111244,0.636395,0.425204,1.461658,0.287569,AUT,0.0,0.001821,0.070207,0.000958,neutron,pi-,solid
40,11.0,0.133408,0.599304,0.425538,1.648426,0.271838,AUT,0.0,0.001857,0.070207,0.000968,neutron,pi-,solid
41,11.0,0.153421,0.541329,0.425282,1.711964,0.271509,AUT,0.0,0.002073,0.070207,0.000979,neutron,pi-,solid
42,11.0,0.186136,0.460834,0.425323,1.761519,0.268864,AUT,0.0,0.004752,0.070207,0.000999,neutron,pi-,solid
43,11.0,0.248304,0.357428,0.425325,1.819891,0.269439,AUT,0.0,0.004353,0.070207,0.001037,neutron,pi-,solid
44,11.0,0.066430,0.791092,0.423020,1.082199,0.505642,AUT,0.0,0.001815,0.070207,0.000955,neutron,pi-,solid
45,11.0,0.076739,0.723591,0.423750,1.145445,0.498318,AUT,0.0,0.001831,0.070207,0.000953,neutron,pi-,solid
46,11.0,0.085264,0.667948,0.424390,1.174796,0.491386,AUT,0.0,0.001945,0.070207,0.000951,neutron,pi-,solid
47,11.0,0.096844,0.612002,0.424982,1.221599,0.484843,AUT,0.0,0.002385,0.070207,0.000951,neutron,pi-,solid
48,11.0,0.118515,0.527016,0.426005,1.282750,0.482121,AUT,0.0,0.007857,0.070207,0.000956,neutron,pi-,solid
49,11.0,0.073081,0.732966,0.428141,1.090578,0.649779,AUT,0.0,0.002029,0.070207,0.000952,neutron,pi-,solid
50,11.0,0.105096,0.548210,0.432972,1.185768,0.628143,AUT,0.0,0.009624,0.070207,0.000950,neutron,pi-,solid
51,11.0,0.129898,0.542298,0.473398,1.446362,0.145319,AUT,0.0,0.001842,0.070207,0.000955,neutron,pi-,solid
52,11.0,0.173126,0.467351,0.473631,1.664608,0.125809,AUT,0.0,0.001917,0.070207,0.000978,neutron,pi-,solid
53,11.0,0.227131,0.383802,0.473649,1.783622,0.124605,AUT,0.0,0.002261,0.070207,0.001010,neutron,pi-,solid
54,11.0,0.094443,0.653175,0.473550,1.267744,0.320949,AUT,0.0,0.001948,0.070207,0.000946,neutron,pi-,solid
55,11.0,0.123205,0.611712,0.474666,1.554031,0.288057,AUT,0.0,0.001828,0.070207,0.000953,neutron,pi-,solid
56,11.0,0.142541,0.559438,0.474429,1.644311,0.289392,AUT,0.0,0.001892,0.070207,0.000962,neutron,pi-,solid
57,11.0,0.167049,0.499151,0.474499,1.717052,0.285542,AUT,0.0,0.002621,0.070207,0.000976,neutron,pi-,solid
58,11.0,0.224333,0.391220,0.474524,1.785688,0.285441,AUT,0.0,0.003089,0.070207,0.001008,neutron,pi-,solid
59,11.0,0.070288,0.762707,0.473009,1.102674,0.508071,AUT,0.0,0.001786,0.070207,0.000948,neutron,pi-,solid
60,11.0,0.083533,0.679966,0.473581,1.171153,0.501994,AUT,0.0,0.001826,0.070207,0.000945,neutron,pi-,solid
61,11.0,0.096840,0.615895,0.474076,1.229124,0.497577,AUT,0.0,0.002090,0.070207,0.000944,neutron,pi-,solid
62,11.0,0.131248,0.542565,0.476466,1.451400,0.480134,AUT,0.0,0.004119,0.070207,0.000955,neutron,pi-,solid
63,11.0,0.069914,0.766972,0.475007,1.101219,0.681138,AUT,0.0,0.001925,0.070207,0.000948,neutron,pi-,solid
64,11.0,0.093927,0.623844,0.477184,1.195506,0.658730,AUT,0.0,0.002985,0.070207,0.000944,neutron,pi-,solid
65,11.0,0.140236,0.520772,0.523441,1.495135,0.139302,AUT,0.0,0.001812,0.070207,0.000949,neutron,pi-,solid
66,11.0,0.207463,0.412704,0.523663,1.743705,0.125903,AUT,0.0,0.001964,0.070207,0.000983,neutron,pi-,solid
67,11.0,0.102977,0.635505,0.523917,1.345699,0.306733,AUT,0.0,0.001947,0.070207,0.000939,neutron,pi-,solid
68,11.0,0.130761,0.577488,0.524079,1.556581,0.300084,AUT,0.0,0.001804,0.070207,0.000945,neutron,pi-,solid
69,11.0,0.155641,0.518694,0.524004,1.663074,0.296050,AUT,0.0,0.002086,0.070207,0.000957,neutron,pi-,solid
70,11.0,0.206323,0.417611,0.524114,1.754597,0.290847,AUT,0.0,0.003014,0.070207,0.000983,neutron,pi-,solid
71,11.0,0.282195,0.320704,0.523964,1.867339,0.291404,AUT,0.0,0.011074,0.070207,0.001018,neutron,pi-,solid
72,11.0,0.074376,0.731575,0.523069,1.117607,0.511941,AUT,0.0,0.001832,0.070207,0.000941,neutron,pi-,solid
73,11.0,0.092730,0.631352,0.523560,1.205852,0.507632,AUT,0.0,0.001860,0.070207,0.000937,neutron,pi-,solid
74,11.0,0.135327,0.567246,0.525831,1.562395,0.473025,AUT,0.0,0.002426,0.070207,0.000948,neutron,pi-,solid
75,11.0,0.252217,0.359003,0.527341,1.859158,0.430837,AUT,0.0,0.020777,0.070207,0.001004,neutron,pi-,solid
76,11.0,0.072613,0.754070,0.524157,1.123916,0.690993,AUT,0.0,0.001851,0.070207,0.000941,neutron,pi-,solid
77,11.0,0.099954,0.613682,0.525907,1.247920,0.672413,AUT,0.0,0.002915,0.070207,0.000938,neutron,pi-,solid
78,11.0,0.073078,0.729803,0.528793,1.081312,0.844625,AUT,0.0,0.003574,0.070207,0.000940,neutron,pi-,solid
79,11.0,0.153873,0.495403,0.573524,1.551653,0.134974,AUT,0.0,0.001799,0.070207,0.000942,neutron,pi-,solid
80,11.0,0.226749,0.384130,0.573582,1.783849,0.127464,AUT,0.0,0.003098,0.070207,0.000974,neutron,pi-,solid
81,11.0,0.108648,0.612572,0.573870,1.367662,0.308110,AUT,0.0,0.001870,0.070207,0.000929,neutron,pi-,solid
82,11.0,0.141145,0.545072,0.573755,1.584459,0.304470,AUT,0.0,0.001836,0.070207,0.000936,neutron,pi-,solid
83,11.0,0.187608,0.450167,0.573994,1.723651,0.293756,AUT,0.0,0.002636,0.070207,0.000957,neutron,pi-,solid
84,11.0,0.262058,0.338769,0.572959,1.828495,0.288897,AUT,0.0,0.005732,0.070207,0.000988,neutron,pi-,solid
85,11.0,0.080521,0.689070,0.573022,1.136292,0.516594,AUT,0.0,0.001777,0.070207,0.000931,neutron,pi-,solid
86,11.0,0.116197,0.608363,0.574591,1.457423,0.489351,AUT,0.0,0.001872,0.070207,0.000930,neutron,pi-,solid
87,11.0,0.181820,0.485747,0.575746,1.778370,0.454071,AUT,0.0,0.004824,0.070207,0.000954,neutron,pi-,solid
88,11.0,0.075871,0.736060,0.573949,1.144963,0.694204,AUT,0.0,0.001826,0.070207,0.000932,neutron,pi-,solid
89,11.0,0.106488,0.595515,0.575027,1.288711,0.680981,AUT,0.0,0.003226,0.070207,0.000928,neutron,pi-,solid
90,11.0,0.077466,0.716674,0.576670,1.121548,0.870960,AUT,0.0,0.002748,0.070207,0.000932,neutron,pi-,solid
91,11.0,0.111468,0.590406,0.623657,1.351909,0.291127,AUT,0.0,0.001846,0.070207,0.000915,neutron,pi-,solid
92,11.0,0.146362,0.524253,0.623587,1.580208,0.257609,AUT,0.0,0.001794,0.070207,0.000922,neutron,pi-,solid
93,11.0,0.187644,0.445060,0.623804,1.714047,0.224054,AUT,0.0,0.002056,0.070207,0.000937,neutron,pi-,solid
94,11.0,0.242545,0.363156,0.622255,1.813425,0.220740,AUT,0.0,0.003612,0.070207,0.000956,neutron,pi-,solid
95,11.0,0.089914,0.658685,0.623301,1.211411,0.515360,AUT,0.0,0.001763,0.070207,0.000918,neutron,pi-,solid
96,11.0,0.147920,0.558904,0.625024,1.675163,0.474610,AUT,0.0,0.002122,0.070207,0.000923,neutron,pi-,solid
97,11.0,0.229245,0.388114,0.621935,1.833675,0.465337,AUT,0.0,0.019453,0.070207,0.000953,neutron,pi-,solid
98,11.0,0.080299,0.711906,0.623869,1.169255,0.696239,AUT,0.0,0.001785,0.070207,0.000921,neutron,pi-,solid
99,11.0,0.115459,0.565008,0.624537,1.329011,0.687107,AUT,0.0,0.004620,0.070207,0.000915,neutron,pi-,solid
100,11.0,0.081093,0.705823,0.625765,1.153613,0.895741,AUT,0.0,0.002379,0.070207,0.000921,neutron,pi-,solid
101,11.0,0.118788,0.570768,0.673418,1.389917,0.287744,AUT,0.0,0.001758,0.070207,0.000900,neutron,pi-,solid
102,11.0,0.170094,0.476734,0.673586,1.662835,0.238703,AUT,0.0,0.001866,0.070207,0.000908,neutron,pi-,solid
103,11.0,0.222504,0.393460,0.671358,1.803107,0.208193,AUT,0.0,0.003820,0.070207,0.000924,neutron,pi-,solid
104,11.0,0.103169,0.639419,0.673700,1.348861,0.504789,AUT,0.0,0.001714,0.070207,0.000902,neutron,pi-,solid
105,11.0,0.162769,0.517966,0.673907,1.717473,0.481461,AUT,0.0,0.003260,0.070207,0.000907,neutron,pi-,solid
106,11.0,0.087779,0.675326,0.673821,1.203508,0.697642,AUT,0.0,0.001767,0.070207,0.000906,neutron,pi-,solid
107,11.0,0.139329,0.536219,0.675213,1.536978,0.670861,AUT,0.0,0.009665,0.070207,0.000901,neutron,pi-,solid
108,11.0,0.082130,0.705748,0.674936,1.171784,0.918675,AUT,0.0,0.002228,0.070207,0.000908,neutron,pi-,solid
109,11.0,0.163129,0.644845,0.322804,2.164296,0.146869,AUT,0.0,0.002592,0.070207,0.001019,neutron,pi-,solid
110,11.0,0.187460,0.584871,0.323272,2.262067,0.133814,AUT,0.0,0.002637,0.070207,0.001038,neutron,pi-,solid
111,11.0,0.203389,0.554949,0.323458,2.329243,0.127561,AUT,0.0,0.002751,0.070207,0.001051,neutron,pi-,solid
112,11.0,0.217698,0.532672,0.323612,2.393168,0.122784,AUT,0.0,0.002842,0.070207,0.001062,neutron,pi-,solid
113,11.0,0.231926,0.510741,0.323596,2.444553,0.119121,AUT,0.0,0.002972,0.070207,0.001073,neutron,pi-,solid
114,11.0,0.247072,0.484882,0.323758,2.472151,0.116198,AUT,0.0,0.003062,0.070207,0.001085,neutron,pi-,solid
115,11.0,0.265102,0.455054,0.323858,2.489015,0.114871,AUT,0.0,0.003026,0.070207,0.001097,neutron,pi-,solid
116,11.0,0.288695,0.419462,0.323742,2.497871,0.118345,AUT,0.0,0.002854,0.070207,0.001113,neutron,pi-,solid
117,11.0,0.326392,0.383389,0.323540,2.580212,0.129396,AUT,0.0,0.003195,0.070207,0.001138,neutron,pi-,solid
118,11.0,0.378289,0.364482,0.323086,2.845740,0.143278,AUT,0.0,0.021145,0.070207,0.001174,neutron,pi-,solid
119,11.0,0.153777,0.679258,0.326222,2.151165,0.252432,AUT,0.0,0.002578,0.070207,0.001011,neutron,pi-,solid
120,11.0,0.175939,0.627135,0.325917,2.276605,0.256860,AUT,0.0,0.002716,0.070207,0.001029,neutron,pi-,solid
121,11.0,0.192768,0.599228,0.325898,2.383688,0.258660,AUT,0.0,0.003218,0.070207,0.001043,neutron,pi-,solid
122,11.0,0.210205,0.573005,0.325817,2.485423,0.260298,AUT,0.0,0.004410,0.070207,0.001057,neutron,pi-,solid
123,11.0,0.230295,0.537961,0.325796,2.555529,0.261561,AUT,0.0,0.007554,0.070207,0.001073,neutron,pi-,solid
124,11.0,0.257374,0.481200,0.325914,2.552805,0.261437,AUT,0.0,0.010267,0.070207,0.001092,neutron,pi-,solid
125,11.0,0.301042,0.412143,0.326077,2.554380,0.259425,AUT,0.0,0.006212,0.070207,0.001121,neutron,pi-,solid
126,11.0,0.356085,0.371811,0.325898,2.731067,0.262886,AUT,0.0,0.011752,0.070207,0.001157,neutron,pi-,solid
127,11.0,0.172059,0.620030,0.372995,2.193156,0.142453,AUT,0.0,0.002538,0.070207,0.001011,neutron,pi-,solid
128,11.0,0.201062,0.556601,0.373438,2.308609,0.128959,AUT,0.0,0.002665,0.070207,0.001032,neutron,pi-,solid
129,11.0,0.221422,0.524157,0.373567,2.394710,0.123315,AUT,0.0,0.002772,0.070207,0.001047,neutron,pi-,solid
130,11.0,0.241379,0.492992,0.373664,2.455133,0.119902,AUT,0.0,0.002855,0.070207,0.001061,neutron,pi-,solid
131,11.0,0.264961,0.455129,0.373676,2.487241,0.118937,AUT,0.0,0.002827,0.070207,0.001076,neutron,pi-,solid
132,11.0,0.299168,0.407634,0.373496,2.513435,0.125698,AUT,0.0,0.002776,0.070207,0.001097,neutron,pi-,solid
133,11.0,0.346409,0.375088,0.373105,2.679994,0.139170,AUT,0.0,0.006537,0.070207,0.001124,neutron,pi-,solid
134,11.0,0.152767,0.680331,0.374968,2.140461,0.285668,AUT,0.0,0.002470,0.070207,0.000997,neutron,pi-,solid
135,11.0,0.174110,0.626959,0.374761,2.252290,0.286267,AUT,0.0,0.002637,0.070207,0.001013,neutron,pi-,solid
136,11.0,0.190046,0.597607,0.374680,2.343695,0.284285,AUT,0.0,0.003020,0.070207,0.001025,neutron,pi-,solid
137,11.0,0.205897,0.572615,0.374646,2.432959,0.283062,AUT,0.0,0.003790,0.070207,0.001037,neutron,pi-,solid
138,11.0,0.223477,0.544457,0.374621,2.510450,0.282588,AUT,0.0,0.005224,0.070207,0.001050,neutron,pi-,solid
139,11.0,0.245508,0.498884,0.374721,2.525699,0.282024,AUT,0.0,0.008204,0.070207,0.001064,neutron,pi-,solid
140,11.0,0.278506,0.437222,0.374783,2.508862,0.281070,AUT,0.0,0.005964,0.070207,0.001084,neutron,pi-,solid
141,11.0,0.331613,0.381193,0.374849,2.604202,0.280212,AUT,0.0,0.004915,0.070207,0.001115,neutron,pi-,solid
142,11.0,0.181781,0.595932,0.423172,2.225004,0.137882,AUT,0.0,0.002517,0.070207,0.001004,neutron,pi-,solid
143,11.0,0.216987,0.528054,0.423511,2.363157,0.125920,AUT,0.0,0.002663,0.070207,0.001028,neutron,pi-,solid
144,11.0,0.245325,0.484945,0.423607,2.453323,0.122143,AUT,0.0,0.002718,0.070207,0.001046,neutron,pi-,solid
145,11.0,0.282675,0.430117,0.423561,2.504182,0.124299,AUT,0.0,0.002689,0.070207,0.001067,neutron,pi-,solid
146,11.0,0.334482,0.381514,0.423172,2.630863,0.138380,AUT,0.0,0.005408,0.070207,0.001093,neutron,pi-,solid
147,11.0,0.154247,0.674210,0.423574,2.140965,0.308802,AUT,0.0,0.002475,0.070207,0.000987,neutron,pi-,solid
148,11.0,0.178046,0.614117,0.423695,2.255654,0.301030,AUT,0.0,0.002640,0.070207,0.001002,neutron,pi-,solid
149,11.0,0.196890,0.579794,0.423904,2.355442,0.294813,AUT,0.0,0.003058,0.070207,0.001016,neutron,pi-,solid
150,11.0,0.216737,0.549080,0.423989,2.455337,0.292037,AUT,0.0,0.003943,0.070207,0.001029,neutron,pi-,solid
151,11.0,0.241055,0.503167,0.424101,2.500664,0.289640,AUT,0.0,0.005945,0.070207,0.001044,neutron,pi-,solid
152,11.0,0.277810,0.433340,0.424213,2.478984,0.288917,AUT,0.0,0.004563,0.070207,0.001064,neutron,pi-,solid
153,11.0,0.332275,0.377552,0.424146,2.585813,0.287293,AUT,0.0,0.004553,0.070207,0.001091,neutron,pi-,solid
154,11.0,0.228133,0.562255,0.429299,2.550584,0.430980,AUT,0.0,0.004469,0.070207,0.001033,neutron,pi-,solid
155,11.0,0.387935,0.362564,0.427019,2.903145,0.438572,AUT,0.0,0.151647,0.070207,0.001118,neutron,pi-,solid
156,11.0,0.192166,0.572789,0.473346,2.258330,0.134246,AUT,0.0,0.002502,0.070207,0.000998,neutron,pi-,solid
157,11.0,0.236658,0.496695,0.473609,2.422338,0.124819,AUT,0.0,0.002633,0.070207,0.001024,neutron,pi-,solid
158,11.0,0.290641,0.423881,0.473446,2.529361,0.128370,AUT,0.0,0.002646,0.070207,0.001051,neutron,pi-,solid
159,11.0,0.371851,0.367174,0.472961,2.817696,0.153451,AUT,0.0,0.039247,0.070207,0.001085,neutron,pi-,solid
160,11.0,0.160539,0.655796,0.473278,2.165001,0.310426,AUT,0.0,0.002460,0.070207,0.000979,neutron,pi-,solid
161,11.0,0.190540,0.587525,0.473679,2.308847,0.300275,AUT,0.0,0.002692,0.070207,0.000997,neutron,pi-,solid
162,11.0,0.216587,0.546185,0.473869,2.439883,0.294677,AUT,0.0,0.003454,0.070207,0.001013,neutron,pi-,solid
163,11.0,0.249638,0.484262,0.473983,2.489439,0.290805,AUT,0.0,0.004876,0.070207,0.001031,neutron,pi-,solid
164,11.0,0.306325,0.397849,0.474012,2.505978,0.289824,AUT,0.0,0.003124,0.070207,0.001057,neutron,pi-,solid
165,11.0,0.373600,0.364739,0.473925,2.812351,0.293980,AUT,0.0,0.017932,0.070207,0.001085,neutron,pi-,solid
166,11.0,0.180642,0.629969,0.476429,2.330551,0.446628,AUT,0.0,0.003146,0.070207,0.000991,neutron,pi-,solid
167,11.0,0.270182,0.473149,0.475989,2.588211,0.455973,AUT,0.0,0.006921,0.070207,0.001040,neutron,pi-,solid
168,11.0,0.203912,0.550409,0.523495,2.298846,0.131777,AUT,0.0,0.002476,0.070207,0.000988,neutron,pi-,solid
169,11.0,0.270007,0.449825,0.523505,2.491413,0.127044,AUT,0.0,0.002564,0.070207,0.001020,neutron,pi-,solid
170,11.0,0.346580,0.378096,0.523114,2.702716,0.146469,AUT,0.0,0.013330,0.070207,0.001047,neutron,pi-,solid
171,11.0,0.168805,0.634453,0.523409,2.199199,0.309331,AUT,0.0,0.002422,0.070207,0.000970,neutron,pi-,solid
172,11.0,0.207258,0.557847,0.523723,2.383495,0.298088,AUT,0.0,0.002902,0.070207,0.000991,neutron,pi-,solid
173,11.0,0.247954,0.486769,0.523949,2.482595,0.291792,AUT,0.0,0.003911,0.070207,0.001011,neutron,pi-,solid
174,11.0,0.313554,0.392694,0.523855,2.531234,0.292708,AUT,0.0,0.003255,0.070207,0.001035,neutron,pi-,solid
175,11.0,0.173769,0.637702,0.525239,2.272667,0.469294,AUT,0.0,0.002783,0.070207,0.000972,neutron,pi-,solid
176,11.0,0.249912,0.496674,0.524922,2.522485,0.475026,AUT,0.0,0.006667,0.070207,0.001010,neutron,pi-,solid
177,11.0,0.345763,0.382198,0.522327,2.725946,0.467374,AUT,0.0,0.025557,0.070207,0.001048,neutron,pi-,solid
178,11.0,0.217816,0.526564,0.573492,2.342323,0.130255,AUT,0.0,0.002450,0.070207,0.000975,neutron,pi-,solid
179,11.0,0.293987,0.422190,0.573440,2.548799,0.131152,AUT,0.0,0.003772,0.070207,0.001002,neutron,pi-,solid
180,11.0,0.178161,0.612450,0.573436,2.236722,0.308200,AUT,0.0,0.002410,0.070207,0.000957,neutron,pi-,solid
181,11.0,0.230420,0.517309,0.573813,2.451413,0.295349,AUT,0.0,0.003174,0.070207,0.000981,neutron,pi-,solid
182,11.0,0.300100,0.409297,0.573279,2.520741,0.292267,AUT,0.0,0.003075,0.070207,0.001003,neutron,pi-,solid
183,11.0,0.174700,0.631617,0.574383,2.260916,0.488224,AUT,0.0,0.002678,0.070207,0.000956,neutron,pi-,solid
184,11.0,0.252822,0.489360,0.573910,2.516387,0.483874,AUT,0.0,0.006385,0.070207,0.000988,neutron,pi-,solid
185,11.0,0.183145,0.597092,0.623407,2.241810,0.265831,AUT,0.0,0.002361,0.070207,0.000939,neutron,pi-,solid
186,11.0,0.230401,0.510974,0.623647,2.424794,0.230928,AUT,0.0,0.002627,0.070207,0.000955,neutron,pi-,solid
187,11.0,0.286451,0.431522,0.622824,2.540144,0.226518,AUT,0.0,0.002655,0.070207,0.000969,neutron,pi-,solid
188,11.0,0.183079,0.612648,0.623788,2.290955,0.494561,AUT,0.0,0.002695,0.070207,0.000938,neutron,pi-,solid
189,11.0,0.258877,0.478623,0.623109,2.541352,0.485240,AUT,0.0,0.009989,0.070207,0.000963,neutron,pi-,solid
190,11.0,0.206651,0.594367,0.626868,2.484952,0.643977,AUT,0.0,0.007491,0.070207,0.000945,neutron,pi-,solid
191,11.0,0.195004,0.573035,0.673406,2.285932,0.257849,AUT,0.0,0.002324,0.070207,0.000917,neutron,pi-,solid
192,11.0,0.261331,0.470145,0.672613,2.523492,0.223822,AUT,0.0,0.002677,0.070207,0.000931,neutron,pi-,solid
193,11.0,0.181864,0.617349,0.674215,2.296018,0.543483,AUT,0.0,0.002626,0.070207,0.000914,neutron,pi-,solid
194,11.0,0.245975,0.513101,0.672252,2.595654,0.524303,AUT,0.0,0.011888,0.070207,0.000929,neutron,pi-,solid
195,11.0,0.256208,0.608530,0.323349,3.214038,0.128398,AUT,0.0,0.004208,0.070207,0.001099,neutron,pi-,solid
196,11.0,0.284673,0.571625,0.323474,3.357529,0.121782,AUT,0.0,0.004437,0.070207,0.001120,neutron,pi-,solid
197,11.0,0.308949,0.527710,0.323736,3.363332,0.116836,AUT,0.0,0.004634,0.070207,0.001136,neutron,pi-,solid
198,11.0,0.337273,0.488090,0.323718,3.396256,0.116764,AUT,0.0,0.004566,0.070207,0.001155,neutron,pi-,solid
199,11.0,0.373049,0.452415,0.323466,3.480689,0.124592,AUT,0.0,0.004411,0.070207,0.001178,neutron,pi-,solid
200,11.0,0.418586,0.417747,0.323060,3.607824,0.137769,AUT,0.0,0.008395,0.070207,0.001207,neutron,pi-,solid
201,11.0,0.250287,0.626163,0.324720,3.231792,0.283330,AUT,0.0,0.006236,0.070207,0.001095,neutron,pi-,solid
202,11.0,0.278500,0.597038,0.324590,3.431096,0.284824,AUT,0.0,0.009459,0.070207,0.001116,neutron,pi-,solid
203,11.0,0.305061,0.541695,0.324665,3.407286,0.285166,AUT,0.0,0.014795,0.070207,0.001134,neutron,pi-,solid
204,11.0,0.341563,0.483856,0.324663,3.408240,0.285151,AUT,0.0,0.010803,0.070207,0.001157,neutron,pi-,solid
205,11.0,0.387093,0.436709,0.324833,3.484896,0.282871,AUT,0.0,0.008309,0.070207,0.001185,neutron,pi-,solid
206,11.0,0.433940,0.411722,0.324677,3.687411,0.282797,AUT,0.0,0.015889,0.070207,0.001216,neutron,pi-,solid
207,11.0,0.263743,0.597828,0.373355,3.248942,0.127503,AUT,0.0,0.004139,0.070207,0.001084,neutron,pi-,solid
208,11.0,0.300487,0.542253,0.373629,3.359768,0.121283,AUT,0.0,0.004322,0.070207,0.001107,neutron,pi-,solid
209,11.0,0.338570,0.487490,0.373560,3.403503,0.120566,AUT,0.0,0.004344,0.070207,0.001128,neutron,pi-,solid
210,11.0,0.393514,0.437362,0.373170,3.544633,0.133234,AUT,0.0,0.005015,0.070207,0.001158,neutron,pi-,solid
211,11.0,0.253772,0.619993,0.373852,3.243847,0.291755,AUT,0.0,0.005345,0.070207,0.001077,neutron,pi-,solid
212,11.0,0.286552,0.580122,0.373944,3.428476,0.290489,AUT,0.0,0.008478,0.070207,0.001099,neutron,pi-,solid
213,11.0,0.323904,0.506185,0.374002,3.379018,0.289879,AUT,0.0,0.010369,0.070207,0.001120,neutron,pi-,solid
214,11.0,0.373968,0.447487,0.374085,3.448712,0.287691,AUT,0.0,0.006155,0.070207,0.001147,neutron,pi-,solid
215,11.0,0.425143,0.412368,0.374013,3.618137,0.286794,AUT,0.0,0.010965,0.070207,0.001175,neutron,pi-,solid
216,11.0,0.320987,0.536127,0.377905,3.468928,0.437690,AUT,0.0,0.011032,0.070207,0.001115,neutron,pi-,solid
217,11.0,0.273102,0.583159,0.423415,3.278440,0.127089,AUT,0.0,0.004047,0.070207,0.001069,neutron,pi-,solid
218,11.0,0.324904,0.504973,0.423569,3.380132,0.122638,AUT,0.0,0.004203,0.070207,0.001096,neutron,pi-,solid
219,11.0,0.387665,0.443308,0.423266,3.538002,0.133197,AUT,0.0,0.005409,0.070207,0.001126,neutron,pi-,solid
220,11.0,0.258942,0.613328,0.423799,3.273439,0.294511,AUT,0.0,0.004927,0.070207,0.001062,neutron,pi-,solid
221,11.0,0.301614,0.548076,0.423938,3.404068,0.290826,AUT,0.0,0.008228,0.070207,0.001085,neutron,pi-,solid
222,11.0,0.358805,0.463284,0.424015,3.423441,0.288724,AUT,0.0,0.005225,0.070207,0.001112,neutron,pi-,solid
223,11.0,0.418009,0.414806,0.423884,3.577630,0.290587,AUT,0.0,0.009117,0.070207,0.001138,neutron,pi-,solid
224,11.0,0.295700,0.562042,0.425641,3.389416,0.464466,AUT,0.0,0.013589,0.070207,0.001080,neutron,pi-,solid
225,11.0,0.400010,0.432638,0.425627,3.564197,0.465480,AUT,0.0,0.022001,0.070207,0.001130,neutron,pi-,solid
226,11.0,0.284592,0.564149,0.473439,3.298107,0.127172,AUT,0.0,0.003974,0.070207,0.001054,neutron,pi-,solid
227,11.0,0.362976,0.466219,0.473411,3.476142,0.129231,AUT,0.0,0.004468,0.070207,0.001087,neutron,pi-,solid
228,11.0,0.267122,0.602130,0.473738,3.312609,0.296070,AUT,0.0,0.004696,0.070207,0.001046,neutron,pi-,solid
229,11.0,0.328937,0.501622,0.473927,3.392389,0.290067,AUT,0.0,0.005664,0.070207,0.001073,neutron,pi-,solid
230,11.0,0.401574,0.426326,0.473808,3.527605,0.293615,AUT,0.0,0.006344,0.070207,0.001100,neutron,pi-,solid
231,11.0,0.293461,0.561749,0.474570,3.362659,0.483563,AUT,0.0,0.011669,0.070207,0.001057,neutron,pi-,solid
232,11.0,0.395106,0.434157,0.474136,3.533273,0.479893,AUT,0.0,0.018071,0.070207,0.001098,neutron,pi-,solid
233,11.0,0.301473,0.540298,0.523458,3.332242,0.127196,AUT,0.0,0.003887,0.070207,0.001036,neutron,pi-,solid
234,11.0,0.389797,0.443297,0.523224,3.559194,0.136343,AUT,0.0,0.008399,0.070207,0.001063,neutron,pi-,solid
235,11.0,0.277248,0.583755,0.523772,3.325713,0.296232,AUT,0.0,0.004663,0.070207,0.001027,neutron,pi-,solid
236,11.0,0.369671,0.455971,0.523748,3.456475,0.294191,AUT,0.0,0.004145,0.070207,0.001057,neutron,pi-,solid
237,11.0,0.305335,0.544756,0.524065,3.373272,0.487488,AUT,0.0,0.008680,0.070207,0.001036,neutron,pi-,solid
238,11.0,0.415024,0.426604,0.521786,3.653376,0.467262,AUT,0.0,0.030021,0.070207,0.001071,neutron,pi-,solid
239,11.0,0.274181,0.584668,0.573563,3.298235,0.236778,AUT,0.0,0.003971,0.070207,0.000999,neutron,pi-,solid
240,11.0,0.339887,0.487384,0.573609,3.407560,0.225209,AUT,0.0,0.003957,0.070207,0.001015,neutron,pi-,solid
241,11.0,0.406984,0.427565,0.572167,3.589367,0.251348,AUT,0.0,0.008948,0.070207,0.001028,neutron,pi-,solid
242,11.0,0.299287,0.555448,0.574116,3.382721,0.531781,AUT,0.0,0.008500,0.070207,0.001005,neutron,pi-,solid
243,11.0,0.402279,0.446763,0.570149,3.708560,0.468921,AUT,0.0,0.030147,0.070207,0.001029,neutron,pi-,solid
244,11.0,0.287133,0.562661,0.623501,3.313813,0.234911,AUT,0.0,0.003827,0.070207,0.000970,neutron,pi-,solid
245,11.0,0.365004,0.465323,0.622546,3.498513,0.232257,AUT,0.0,0.005083,0.070207,0.000979,neutron,pi-,solid
246,11.0,0.294096,0.565023,0.623515,3.388568,0.543245,AUT,0.0,0.008711,0.070207,0.000970,neutron,pi-,solid
247,11.0,0.283912,0.570326,0.673455,3.322003,0.318341,AUT,0.0,0.003934,0.070207,0.000933,neutron,pi-,solid
248,11.0,0.352850,0.485415,0.670599,3.532500,0.252070,AUT,0.0,0.006593,0.070207,0.000936,neutron,pi-,solid
249,11.0,0.320364,0.644531,0.323331,4.258972,0.127256,AUT,0.0,0.005730,0.070207,0.001151,neutron,pi-,solid
250,11.0,0.360151,0.615471,0.323512,4.572593,0.123011,AUT,0.0,0.005958,0.070207,0.001179,neutron,pi-,solid
251,11.0,0.415816,0.529724,0.323471,4.527851,0.122056,AUT,0.0,0.005909,0.070207,0.001213,neutron,pi-,solid
252,11.0,0.482706,0.444801,0.322961,4.431788,0.140520,AUT,0.0,0.026165,0.070207,0.001255,neutron,pi-,solid
253,11.0,0.313677,0.652446,0.324111,4.222136,0.286944,AUT,0.0,0.009219,0.070207,0.001146,neutron,pi-,solid
254,11.0,0.350168,0.629210,0.324050,4.546230,0.287784,AUT,0.0,0.015921,0.070207,0.001172,neutron,pi-,solid
255,11.0,0.405678,0.544336,0.324007,4.537602,0.289156,AUT,0.0,0.012587,0.070207,0.001206,neutron,pi-,solid
256,11.0,0.474464,0.447677,0.324176,4.382712,0.285875,AUT,0.0,0.019442,0.070207,0.001248,neutron,pi-,solid
257,11.0,0.366614,0.602117,0.328695,4.499304,0.435829,AUT,0.0,0.022380,0.070207,0.001178,neutron,pi-,solid
258,11.0,0.330765,0.637499,0.373338,4.347727,0.126643,AUT,0.0,0.005571,0.070207,0.001131,neutron,pi-,solid
259,11.0,0.397687,0.559351,0.373469,4.568174,0.124262,AUT,0.0,0.005692,0.070207,0.001168,neutron,pi-,solid
260,11.0,0.476383,0.449986,0.372980,4.423510,0.141606,AUT,0.0,0.024828,0.070207,0.001209,neutron,pi-,solid
261,11.0,0.319229,0.648420,0.373842,4.269571,0.289675,AUT,0.0,0.007471,0.070207,0.001124,neutron,pi-,solid
262,11.0,0.369388,0.604602,0.373980,4.599570,0.288730,AUT,0.0,0.012904,0.070207,0.001153,neutron,pi-,solid
263,11.0,0.446815,0.480983,0.374039,4.419605,0.287724,AUT,0.0,0.009249,0.070207,0.001193,neutron,pi-,solid
264,11.0,0.367158,0.597256,0.375746,4.462626,0.466613,AUT,0.0,0.017326,0.070207,0.001149,neutron,pi-,solid
265,11.0,0.345111,0.623744,0.423417,4.431241,0.127018,AUT,0.0,0.005443,0.070207,0.001112,neutron,pi-,solid
266,11.0,0.427318,0.515066,0.423305,4.521246,0.128995,AUT,0.0,0.008439,0.070207,0.001149,neutron,pi-,solid
267,11.0,0.326577,0.644004,0.423836,4.337062,0.292684,AUT,0.0,0.006617,0.070207,0.001103,neutron,pi-,solid
268,11.0,0.409733,0.541059,0.423904,4.526015,0.289899,AUT,0.0,0.006854,0.070207,0.001141,neutron,pi-,solid
269,11.0,0.364026,0.599675,0.424938,4.447622,0.494840,AUT,0.0,0.017464,0.070207,0.001120,neutron,pi-,solid
270,11.0,0.492998,0.443661,0.423630,4.515202,0.474786,AUT,0.0,0.130453,0.070207,0.001176,neutron,pi-,solid
271,11.0,0.323608,0.643568,0.473545,4.295196,0.236729,AUT,0.0,0.005560,0.070207,0.001076,neutron,pi-,solid
272,11.0,0.376814,0.592351,0.473678,4.595892,0.218065,AUT,0.0,0.006006,0.070207,0.001097,neutron,pi-,solid
273,11.0,0.448437,0.480627,0.473649,4.435706,0.237187,AUT,0.0,0.008281,0.070207,0.001121,neutron,pi-,solid
274,11.0,0.363957,0.599520,0.474537,4.443933,0.517775,AUT,0.0,0.016132,0.070207,0.001091,neutron,pi-,solid
275,11.0,0.333446,0.636966,0.523601,4.378170,0.237666,AUT,0.0,0.005392,0.070207,0.001051,neutron,pi-,solid
276,11.0,0.414045,0.534339,0.523533,4.530346,0.229733,AUT,0.0,0.005978,0.070207,0.001072,neutron,pi-,solid
277,11.0,0.359121,0.606397,0.524308,4.445401,0.536787,AUT,0.0,0.015768,0.070207,0.001057,neutron,pi-,solid
278,11.0,0.350589,0.617216,0.573537,4.445842,0.236273,AUT,0.0,0.005158,0.070207,0.001019,neutron,pi-,solid
279,11.0,0.442568,0.489753,0.572662,4.463469,0.239113,AUT,0.0,0.011000,0.070207,0.001033,neutron,pi-,solid
280,11.0,0.352829,0.615844,0.574017,4.449637,0.554033,AUT,0.0,0.015776,0.070207,0.001019,neutron,pi-,solid
281,11.0,0.348440,0.620290,0.623568,4.441516,0.316566,AUT,0.0,0.005339,0.070207,0.000978,neutron,pi-,solid
282,11.0,0.432186,0.511686,0.621569,4.559922,0.269353,AUT,0.0,0.012814,0.070207,0.000983,neutron,pi-,solid
283,11.0,0.350268,0.619773,0.672899,4.456664,0.363968,AUT,0.0,0.005691,0.070207,0.000932,neutron,pi-,solid
284,11.0,0.399436,0.642066,0.323446,5.289029,0.123957,AUT,0.0,0.007365,0.070207,0.001208,neutron,pi-,solid
285,11.0,0.448499,0.593211,0.323562,5.486339,0.119431,AUT,0.0,0.007687,0.070207,0.001240,neutron,pi-,solid
286,11.0,0.507972,0.533616,0.323312,5.587184,0.124599,AUT,0.0,0.010124,0.070207,0.001279,neutron,pi-,solid
287,11.0,0.398078,0.645528,0.324093,5.299315,0.287541,AUT,0.0,0.020813,0.070207,0.001206,neutron,pi-,solid
288,11.0,0.455576,0.585111,0.323940,5.492700,0.288952,AUT,0.0,0.018954,0.070207,0.001244,neutron,pi-,solid
289,11.0,0.522555,0.519613,0.324110,5.599997,0.286706,AUT,0.0,0.017492,0.070207,0.001287,neutron,pi-,solid
290,11.0,0.442688,0.601506,0.326341,5.451371,0.454510,AUT,0.0,0.023944,0.070207,0.001233,neutron,pi-,solid
291,11.0,0.410859,0.631061,0.373344,5.343533,0.125148,AUT,0.0,0.007111,0.070207,0.001180,neutron,pi-,solid
292,11.0,0.483045,0.557703,0.373410,5.544833,0.123910,AUT,0.0,0.008361,0.070207,0.001219,neutron,pi-,solid
293,11.0,0.405391,0.638995,0.373944,5.339474,0.288245,AUT,0.0,0.014734,0.070207,0.001176,neutron,pi-,solid
294,11.0,0.484881,0.554691,0.373990,5.531505,0.288298,AUT,0.0,0.010385,0.070207,0.001219,neutron,pi-,solid
295,11.0,0.442306,0.600755,0.375106,5.439673,0.486584,AUT,0.0,0.021459,0.070207,0.001195,neutron,pi-,solid
296,11.0,0.427899,0.612904,0.423431,5.393672,0.125659,AUT,0.0,0.006888,0.070207,0.001153,neutron,pi-,solid
297,11.0,0.514140,0.529172,0.423302,5.609951,0.127999,AUT,0.0,0.016121,0.070207,0.001191,neutron,pi-,solid
298,11.0,0.416297,0.626965,0.423871,5.372819,0.289382,AUT,0.0,0.011325,0.070207,0.001148,neutron,pi-,solid
299,11.0,0.502071,0.537037,0.423856,5.554150,0.290236,AUT,0.0,0.011510,0.070207,0.001186,neutron,pi-,solid
300,11.0,0.441419,0.601059,0.424623,5.433094,0.512468,AUT,0.0,0.021853,0.070207,0.001158,neutron,pi-,solid
301,11.0,0.406573,0.636413,0.473598,5.333672,0.222874,AUT,0.0,0.007324,0.070207,0.001110,neutron,pi-,solid
302,11.0,0.481057,0.559191,0.473629,5.533628,0.221314,AUT,0.0,0.007362,0.070207,0.001135,neutron,pi-,solid
303,11.0,0.438184,0.604383,0.474267,5.426491,0.533102,AUT,0.0,0.023609,0.070207,0.001120,neutron,pi-,solid
304,11.0,0.419655,0.622342,0.523623,5.375864,0.226067,AUT,0.0,0.006917,0.070207,0.001075,neutron,pi-,solid
305,11.0,0.501626,0.538888,0.523440,5.569896,0.232056,AUT,0.0,0.010785,0.070207,0.001094,neutron,pi-,solid
306,11.0,0.433064,0.609870,0.523870,5.417732,0.546401,AUT,0.0,0.026146,0.070207,0.001078,neutron,pi-,solid
307,11.0,0.421018,0.620961,0.573662,5.379664,0.297793,AUT,0.0,0.007157,0.070207,0.001030,neutron,pi-,solid
308,11.0,0.499916,0.541410,0.572560,5.580614,0.276614,AUT,0.0,0.012319,0.070207,0.001041,neutron,pi-,solid
309,11.0,0.429190,0.613784,0.622987,5.410524,0.330239,AUT,0.0,0.007049,0.070207,0.000981,neutron,pi-,solid
310,11.0,0.420390,0.624285,0.672241,5.399329,0.317279,AUT,0.0,0.008595,0.070207,0.000927,neutron,pi-,solid
311,11.0,0.503586,0.625724,0.323538,6.487578,0.121363,AUT,0.0,0.007790,0.070207,0.001281,neutron,pi-,solid
312,11.0,0.589123,0.584861,0.323325,7.113805,0.122726,AUT,0.0,0.016583,0.070207,0.001340,neutron,pi-,solid
313,11.0,0.512429,0.619133,0.324003,6.524074,0.288558,AUT,0.0,0.017454,0.070207,0.001286,neutron,pi-,solid
314,11.0,0.605220,0.585488,0.324010,7.315896,0.287071,AUT,0.0,0.035562,0.070207,0.001351,neutron,pi-,solid
315,11.0,0.522044,0.617845,0.325587,6.631980,0.473505,AUT,0.0,0.032749,0.070207,0.001291,neutron,pi-,solid
316,11.0,0.487790,0.636563,0.373666,6.399582,0.205874,AUT,0.0,0.008800,0.070207,0.001226,neutron,pi-,solid
317,11.0,0.567300,0.588934,0.373651,6.894016,0.209480,AUT,0.0,0.009724,0.070207,0.001270,neutron,pi-,solid
318,11.0,0.520207,0.617804,0.374757,6.608270,0.502608,AUT,0.0,0.031225,0.070207,0.001243,neutron,pi-,solid
319,11.0,0.504234,0.624990,0.423683,6.487090,0.212342,AUT,0.0,0.007998,0.070207,0.001191,neutron,pi-,solid
320,11.0,0.590146,0.582587,0.423567,7.098830,0.219390,AUT,0.0,0.015700,0.070207,0.001229,neutron,pi-,solid
321,11.0,0.516996,0.619548,0.424241,6.587023,0.521531,AUT,0.0,0.033216,0.070207,0.001196,neutron,pi-,solid
322,11.0,0.509115,0.621706,0.473619,6.512360,0.277253,AUT,0.0,0.008032,0.070207,0.001147,neutron,pi-,solid
323,11.0,0.599412,0.586382,0.473369,7.256776,0.269342,AUT,0.0,0.020741,0.070207,0.001178,neutron,pi-,solid
324,11.0,0.515336,0.620980,0.523501,6.582107,0.307663,AUT,0.0,0.008140,0.070207,0.001099,neutron,pi-,solid
325,11.0,0.509713,0.625601,0.573027,6.562432,0.304062,AUT,0.0,0.009389,0.070207,0.001042,neutron,pi-,solid
326,11.0,0.499396,0.633874,0.622345,6.520874,0.294761,AUT,0.0,0.011410,0.070207,0.000981,neutron,pi-,solid
