i,Ebeam,x,y,z,Q2,pT,obs,value,stat,systrel,systabs,target,hadron,Experiment,Dependence
0,27.6,0.03758844,0.641937899435683,0.1522018,1.249727,0.1105712,M_Hermes,4.398481,0.0575923,0,0.3502936,proton,pi+,hermes,NA
1,27.6,0.03758844,0.641937899435683,0.154622,1.249727,0.2217933,M_Hermes,8.759948,0.07195339,0,0.3143965,proton,pi+,hermes,NA
2,27.6,0.03758844,0.641937899435683,0.1560952,1.249727,0.327693,M_Hermes,9.660459,0.07069932,0,0.5892676,proton,pi+,hermes,NA
3,27.6,0.03758844,0.641937899435683,0.159801,1.249727,0.4409912,M_Hermes,7.843414,0.07098244,0,0.5820321,proton,pi+,hermes,NA
4,27.6,0.03758844,0.641937899435683,0.1624893,1.249727,0.5817642,M_Hermes,4.778433,0.05917073,0,0.3199156,proton,pi+,hermes,NA
5,27.6,0.03758844,0.641937899435683,0.1678483,1.249727,0.792604,M_Hermes,1.816914,0.05938146,0,0.09732278,proton,pi+,hermes,NA
6,27.6,0.03758844,0.641937899435683,0.1928145,1.249727,1.188888,M_Hermes,0.233611,0.05825108,0,0.01268427,proton,pi+,hermes,NA
7,27.6,0.03758844,0.641937899435683,0.2295056,1.249727,0.1030673,M_Hermes,2.244343,0.05731148,0,0.04568058,proton,pi+,hermes,NA
8,27.6,0.03758844,0.641937899435683,0.2340181,1.249727,0.2126745,M_Hermes,4.108003,0.07584694,0,0.2288256,proton,pi+,hermes,NA
9,27.6,0.03758844,0.641937899435683,0.2356541,1.249727,0.3168787,M_Hermes,5.008332,0.07431604,0,0.1559328,proton,pi+,hermes,NA
10,27.6,0.03758844,0.641937899435683,0.2376523,1.249727,0.4233895,M_Hermes,4.733753,0.06526297,0,0.07204921,proton,pi+,hermes,NA
11,27.6,0.03758844,0.641937899435683,0.241739,1.249727,0.559272,M_Hermes,3.224837,0.04425583,0,0.0625259,proton,pi+,hermes,NA
12,27.6,0.03758844,0.641937899435683,0.2479694,1.249727,0.7537638,M_Hermes,1.324373,0.02904978,0,0.05430494,proton,pi+,hermes,NA
13,27.6,0.03758844,0.641937899435683,0.2632606,1.249727,1.082,M_Hermes,0.2659796,0.01738906,0,0.01206328,proton,pi+,hermes,NA
14,27.6,0.03758844,0.641937899435683,0.277677,1.249727,0.1029642,M_Hermes,1.235922,0.04732051,0,0.04861841,proton,pi+,hermes,NA
15,27.6,0.03758844,0.641937899435683,0.2836573,1.249727,0.2109934,M_Hermes,2.711537,0.06425884,0,0.1027097,proton,pi+,hermes,NA
16,27.6,0.03758844,0.641937899435683,0.284629,1.249727,0.3130165,M_Hermes,3.219059,0.06512536,0,0.1263213,proton,pi+,hermes,NA
17,27.6,0.03758844,0.641937899435683,0.2877546,1.249727,0.4189956,M_Hermes,3.281044,0.05862157,0,0.1200799,proton,pi+,hermes,NA
18,27.6,0.03758844,0.641937899435683,0.2907836,1.249727,0.550485,M_Hermes,2.465992,0.03846587,0,0.06599792,proton,pi+,hermes,NA
19,27.6,0.03758844,0.641937899435683,0.2974947,1.249727,0.7397019,M_Hermes,1.09478,0.0232244,0,0.04578264,proton,pi+,hermes,NA
20,27.6,0.03758844,0.641937899435683,0.3072802,1.249727,1.037783,M_Hermes,0.2272818,0.009951389,0,0.01047607,proton,pi+,hermes,NA
21,27.6,0.03758844,0.641937899435683,0.3362224,1.249727,0.1042253,M_Hermes,0.7750976,0.03141158,0,0.05641663,proton,pi+,hermes,NA
22,27.6,0.03758844,0.641937899435683,0.3423433,1.249727,0.2076161,M_Hermes,1.650349,0.040979,0,0.09840671,proton,pi+,hermes,NA
23,27.6,0.03758844,0.641937899435683,0.3437677,1.249727,0.3105868,M_Hermes,1.983833,0.04108793,0,0.1211118,proton,pi+,hermes,NA
24,27.6,0.03758844,0.641937899435683,0.3460258,1.249727,0.4137805,M_Hermes,2.152717,0.04121599,0,0.1206081,proton,pi+,hermes,NA
25,27.6,0.03758844,0.641937899435683,0.3496685,1.249727,0.5444205,M_Hermes,1.687232,0.02598778,0,0.0810132,proton,pi+,hermes,NA
26,27.6,0.03758844,0.641937899435683,0.3548945,1.249727,0.723579,M_Hermes,0.904126,0.01601695,0,0.05212905,proton,pi+,hermes,NA
27,27.6,0.03758844,0.641937899435683,0.360385,1.249727,0.9972845,M_Hermes,0.2078226,0.005986739,0,0.01215522,proton,pi+,hermes,NA
28,27.6,0.03758844,0.641937899435683,0.4218557,1.249727,0.09982441,M_Hermes,0.3853336,0.01861634,0,0.03709504,proton,pi+,hermes,NA
29,27.6,0.03758844,0.641937899435683,0.4256206,1.249727,0.2067432,M_Hermes,0.8370742,0.02631391,0,0.06965969,proton,pi+,hermes,NA
30,27.6,0.03758844,0.641937899435683,0.4297563,1.249727,0.3092288,M_Hermes,1.102652,0.02646648,0,0.09026769,proton,pi+,hermes,NA
31,27.6,0.03758844,0.641937899435683,0.4297738,1.249727,0.4094817,M_Hermes,1.148115,0.02595521,0,0.09442826,proton,pi+,hermes,NA
32,27.6,0.03758844,0.641937899435683,0.4325416,1.249727,0.5355523,M_Hermes,1.041669,0.01873286,0,0.07013874,proton,pi+,hermes,NA
33,27.6,0.03758844,0.641937899435683,0.4359502,1.249727,0.7101796,M_Hermes,0.6300927,0.01117427,0,0.05322527,proton,pi+,hermes,NA
34,27.6,0.03758844,0.641937899435683,0.4414493,1.249727,0.9746915,M_Hermes,0.1773205,0.004192903,0,0.01503451,proton,pi+,hermes,NA
35,27.6,0.03758844,0.641937899435683,0.5334359,1.249727,0.1030419,M_Hermes,0.1864647,0.0114619,0,0.0173026,proton,pi+,hermes,NA
36,27.6,0.03758844,0.641937899435683,0.5370032,1.249727,0.2055688,M_Hermes,0.4160929,0.01709015,0,0.05790516,proton,pi+,hermes,NA
37,27.6,0.03758844,0.641937899435683,0.5377358,1.249727,0.3056045,M_Hermes,0.5467943,0.0166188,0,0.05340309,proton,pi+,hermes,NA
38,27.6,0.03758844,0.641937899435683,0.5421495,1.249727,0.4083209,M_Hermes,0.5739435,0.01650444,0,0.05412963,proton,pi+,hermes,NA
39,27.6,0.03758844,0.641937899435683,0.5419208,1.249727,0.5321106,M_Hermes,0.5183662,0.01157805,0,0.0432701,proton,pi+,hermes,NA
40,27.6,0.03758844,0.641937899435683,0.5442552,1.249727,0.7035105,M_Hermes,0.3815261,0.008463532,0,0.03142291,proton,pi+,hermes,NA
41,27.6,0.03758844,0.641937899435683,0.5456988,1.249727,0.9611047,M_Hermes,0.1247706,0.002969468,0,0.00988091,proton,pi+,hermes,NA
42,27.6,0.03758844,0.641937899435683,0.6918871,1.249727,0.10028,M_Hermes,0.06791228,0.004461012,0,0.005860907,proton,pi+,hermes,NA
43,27.6,0.03758844,0.641937899435683,0.6945797,1.249727,0.2037743,M_Hermes,0.151455,0.007098093,0,0.01634061,proton,pi+,hermes,NA
44,27.6,0.03758844,0.641937899435683,0.6895546,1.249727,0.3006263,M_Hermes,0.2163805,0.007618241,0,0.01795227,proton,pi+,hermes,NA
45,27.6,0.03758844,0.641937899435683,0.6884266,1.249727,0.4009616,M_Hermes,0.2630001,0.008126062,0,0.02443072,proton,pi+,hermes,NA
46,27.6,0.03758844,0.641937899435683,0.6875906,1.249727,0.5234161,M_Hermes,0.2207993,0.005743167,0,0.01748933,proton,pi+,hermes,NA
47,27.6,0.03758844,0.641937899435683,0.6888948,1.249727,0.6944425,M_Hermes,0.1541157,0.004178244,0,0.01432282,proton,pi+,hermes,NA
48,27.6,0.03758844,0.641937899435683,0.6915313,1.249727,0.9509999,M_Hermes,0.0719919,0.001905074,0,0.006714713,proton,pi+,hermes,NA
49,27.6,0.03758844,0.641937899435683,0.8865441,1.249727,0.09783861,M_Hermes,0.01690712,0.001243486,0,0.001473954,proton,pi+,hermes,NA
50,27.6,0.03758844,0.641937899435683,0.8832255,1.249727,0.1995942,M_Hermes,0.03948312,0.002364752,0,0.004299907,proton,pi+,hermes,NA
51,27.6,0.03758844,0.641937899435683,0.8754233,1.249727,0.3019232,M_Hermes,0.03785094,0.002549177,0,0.003174751,proton,pi+,hermes,NA
52,27.6,0.03758844,0.641937899435683,0.869965,1.249727,0.3962695,M_Hermes,0.03253449,0.002475532,0,0.003035402,proton,pi+,hermes,NA
53,27.6,0.03758844,0.641937899435683,0.8655884,1.249727,0.520925,M_Hermes,0.0290011,0.001901381,0,0.002261644,proton,pi+,hermes,NA
54,27.6,0.03758844,0.641937899435683,0.8600547,1.249727,0.6960213,M_Hermes,0.02748611,0.001990377,0,0.002638824,proton,pi+,hermes,NA
55,27.6,0.03758844,0.641937899435683,0.8724795,1.249727,0.9375923,M_Hermes,0.009875213,0.0008681028,0,0.0009482249,proton,pi+,hermes,NA
56,27.6,0.06109764,0.477174786354592,0.1439628,1.509975,0.1046556,M_Hermes,4.149637,0.04851267,0,0.3614001,proton,pi+,hermes,NA
57,27.6,0.06109764,0.477174786354592,0.1461407,1.509975,0.2107767,M_Hermes,8.321851,0.07377212,0,0.4390662,proton,pi+,hermes,NA
58,27.6,0.06109764,0.477174786354592,0.1486257,1.509975,0.3112248,M_Hermes,8.919035,0.07295733,0,0.7023697,proton,pi+,hermes,NA
59,27.6,0.06109764,0.477174786354592,0.1511631,1.509975,0.4170074,M_Hermes,6.819635,0.06962535,0,0.637001,proton,pi+,hermes,NA
60,27.6,0.06109764,0.477174786354592,0.1539638,1.509975,0.5513599,M_Hermes,3.808689,0.05753038,0,0.3485245,proton,pi+,hermes,NA
61,27.6,0.06109764,0.477174786354592,0.160855,1.509975,0.7532439,M_Hermes,1.339215,0.05651416,0,0.1551986,proton,pi+,hermes,NA
62,27.6,0.06109764,0.477174786354592,0.1631639,1.509975,0.9765577,M_Hermes,0.1757946,0.04647643,0,0.02044723,proton,pi+,hermes,NA
63,27.6,0.06109764,0.477174786354592,0.2244163,1.509975,0.1005013,M_Hermes,1.878313,0.03199995,0,0.03954633,proton,pi+,hermes,NA
64,27.6,0.06109764,0.477174786354592,0.2253329,1.509975,0.204955,M_Hermes,4.124404,0.05948312,0,0.2462391,proton,pi+,hermes,NA
65,27.6,0.06109764,0.477174786354592,0.2268693,1.509975,0.3041483,M_Hermes,4.439646,0.06404949,0,0.08517738,proton,pi+,hermes,NA
66,27.6,0.06109764,0.477174786354592,0.2293571,1.509975,0.4075722,M_Hermes,4.028629,0.05776938,0,0.0985211,proton,pi+,hermes,NA
67,27.6,0.06109764,0.477174786354592,0.2306755,1.509975,0.530455,M_Hermes,2.63319,0.03927064,0,0.07808838,proton,pi+,hermes,NA
68,27.6,0.06109764,0.477174786354592,0.2357579,1.509975,0.7163498,M_Hermes,0.9940974,0.02574875,0,0.06472827,proton,pi+,hermes,NA
69,27.6,0.06109764,0.477174786354592,0.2448666,1.509975,0.9995748,M_Hermes,0.1669947,0.01400781,0,0.01146282,proton,pi+,hermes,NA
70,27.6,0.06109764,0.477174786354592,0.2744124,1.509975,0.1022416,M_Hermes,1.266922,0.02631606,0,0.05984728,proton,pi+,hermes,NA
71,27.6,0.06109764,0.477174786354592,0.2757215,1.509975,0.2044328,M_Hermes,2.584207,0.04688609,0,0.07126972,proton,pi+,hermes,NA
72,27.6,0.06109764,0.477174786354592,0.2769695,1.509975,0.303712,M_Hermes,3.352864,0.05592559,0,0.113936,proton,pi+,hermes,NA
73,27.6,0.06109764,0.477174786354592,0.2782737,1.509975,0.4052699,M_Hermes,2.92594,0.05153085,0,0.08616773,proton,pi+,hermes,NA
74,27.6,0.06109764,0.477174786354592,0.2799357,1.509975,0.5299184,M_Hermes,2.131439,0.03413372,0,0.05572342,proton,pi+,hermes,NA
75,27.6,0.06109764,0.477174786354592,0.2843332,1.509975,0.7068862,M_Hermes,0.8179727,0.01918336,0,0.06095008,proton,pi+,hermes,NA
76,27.6,0.06109764,0.477174786354592,0.2938136,1.509975,0.9893213,M_Hermes,0.1510974,0.008103495,0,0.01131006,proton,pi+,hermes,NA
77,27.6,0.06109764,0.477174786354592,0.3339281,1.509975,0.1016775,M_Hermes,0.8566061,0.01652974,0,0.06232462,proton,pi+,hermes,NA
78,27.6,0.06109764,0.477174786354592,0.3360587,1.509975,0.2036475,M_Hermes,1.609826,0.0277831,0,0.07390163,proton,pi+,hermes,NA
79,27.6,0.06109764,0.477174786354592,0.3356573,1.509975,0.3029124,M_Hermes,2.126008,0.03402283,0,0.107621,proton,pi+,hermes,NA
80,27.6,0.06109764,0.477174786354592,0.3387938,1.509975,0.4041802,M_Hermes,2.055382,0.03499115,0,0.09630451,proton,pi+,hermes,NA
81,27.6,0.06109764,0.477174786354592,0.3402057,1.509975,0.5251957,M_Hermes,1.618897,0.02319289,0,0.06970424,proton,pi+,hermes,NA
82,27.6,0.06109764,0.477174786354592,0.3440027,1.509975,0.6990415,M_Hermes,0.7481596,0.0133194,0,0.02663298,proton,pi+,hermes,NA
83,27.6,0.06109764,0.477174786354592,0.3489,1.509975,0.9551124,M_Hermes,0.1354049,0.004677611,0,0.004534121,proton,pi+,hermes,NA
84,27.6,0.06109764,0.477174786354592,0.420689,1.509975,0.100095,M_Hermes,0.4151964,0.009427171,0,0.04132809,proton,pi+,hermes,NA
85,27.6,0.06109764,0.477174786354592,0.4215883,1.509975,0.2040562,M_Hermes,0.8607299,0.01681984,0,0.06100715,proton,pi+,hermes,NA
86,27.6,0.06109764,0.477174786354592,0.421739,1.509975,0.3031614,M_Hermes,1.142745,0.0205027,0,0.08206414,proton,pi+,hermes,NA
87,27.6,0.06109764,0.477174786354592,0.42331,1.509975,0.4026312,M_Hermes,1.240241,0.02221522,0,0.08346291,proton,pi+,hermes,NA
88,27.6,0.06109764,0.477174786354592,0.4247528,1.509975,0.5254365,M_Hermes,0.9952719,0.01653363,0,0.06513938,proton,pi+,hermes,NA
89,27.6,0.06109764,0.477174786354592,0.4283257,1.509975,0.6943366,M_Hermes,0.5650223,0.01002114,0,0.02353365,proton,pi+,hermes,NA
90,27.6,0.06109764,0.477174786354592,0.4298014,1.509975,0.939073,M_Hermes,0.1213604,0.003242603,0,0.004989411,proton,pi+,hermes,NA
91,27.6,0.06109764,0.477174786354592,0.5330683,1.509975,0.1022494,M_Hermes,0.1920918,0.005554337,0,0.01837577,proton,pi+,hermes,NA
92,27.6,0.06109764,0.477174786354592,0.5321879,1.509975,0.2038958,M_Hermes,0.4482693,0.01073158,0,0.03819241,proton,pi+,hermes,NA
93,27.6,0.06109764,0.477174786354592,0.5329974,1.509975,0.3032505,M_Hermes,0.5678873,0.01250871,0,0.05072162,proton,pi+,hermes,NA
94,27.6,0.06109764,0.477174786354592,0.5337538,1.509975,0.4022492,M_Hermes,0.6311119,0.01382656,0,0.0530843,proton,pi+,hermes,NA
95,27.6,0.06109764,0.477174786354592,0.5350361,1.509975,0.5239429,M_Hermes,0.5713571,0.0109987,0,0.04205448,proton,pi+,hermes,NA
96,27.6,0.06109764,0.477174786354592,0.5369338,1.509975,0.6922812,M_Hermes,0.363164,0.007609823,0,0.03420213,proton,pi+,hermes,NA
97,27.6,0.06109764,0.477174786354592,0.5401394,1.509975,0.943231,M_Hermes,0.101539,0.002580803,0,0.009445741,proton,pi+,hermes,NA
98,27.6,0.06109764,0.477174786354592,0.6933607,1.509975,0.1037416,M_Hermes,0.07158337,0.002521923,0,0.00895479,proton,pi+,hermes,NA
99,27.6,0.06109764,0.477174786354592,0.6930896,1.509975,0.2040687,M_Hermes,0.1805016,0.004911452,0,0.01519455,proton,pi+,hermes,NA
100,27.6,0.06109764,0.477174786354592,0.6890674,1.509975,0.3026606,M_Hermes,0.2451091,0.005816092,0,0.02191109,proton,pi+,hermes,NA
101,27.6,0.06109764,0.477174786354592,0.6888851,1.509975,0.4009793,M_Hermes,0.2773447,0.006654352,0,0.02647104,proton,pi+,hermes,NA
102,27.6,0.06109764,0.477174786354592,0.6880571,1.509975,0.5228719,M_Hermes,0.2626355,0.005152377,0,0.02194465,proton,pi+,hermes,NA
103,27.6,0.06109764,0.477174786354592,0.6864068,1.509975,0.6920238,M_Hermes,0.1878443,0.0039867,0,0.01333579,proton,pi+,hermes,NA
104,27.6,0.06109764,0.477174786354592,0.6928279,1.509975,0.9422052,M_Hermes,0.06806813,0.001644233,0,0.004719523,proton,pi+,hermes,NA
105,27.6,0.06109764,0.477174786354592,0.8912224,1.509975,0.1017844,M_Hermes,0.03031867,0.0009866263,0,0.003799432,proton,pi+,hermes,NA
106,27.6,0.06109764,0.477174786354592,0.8911835,1.509975,0.2028534,M_Hermes,0.0567382,0.001890317,0,0.004817593,proton,pi+,hermes,NA
107,27.6,0.06109764,0.477174786354592,0.8830122,1.509975,0.3029169,M_Hermes,0.06346298,0.002106109,0,0.005729406,proton,pi+,hermes,NA
108,27.6,0.06109764,0.477174786354592,0.877764,1.509975,0.398702,M_Hermes,0.05766976,0.002161715,0,0.005704664,proton,pi+,hermes,NA
109,27.6,0.06109764,0.477174786354592,0.8732491,1.509975,0.5221064,M_Hermes,0.04845716,0.001686737,0,0.004126846,proton,pi+,hermes,NA
110,27.6,0.06109764,0.477174786354592,0.8696478,1.509975,0.6880977,M_Hermes,0.03899512,0.001503379,0,0.002877242,proton,pi+,hermes,NA
111,27.6,0.06109764,0.477174786354592,0.8594673,1.509975,0.923145,M_Hermes,0.01481105,0.0006940085,0,0.001072195,proton,pi+,hermes,NA
112,27.6,0.09573812,0.367180173559916,0.1410092,1.820673,0.1017843,M_Hermes,3.922566,0.04842312,0,0.3721316,proton,pi+,hermes,NA
113,27.6,0.09573812,0.367180173559916,0.1428506,1.820673,0.2056595,M_Hermes,7.915349,0.08358053,0,0.6017225,proton,pi+,hermes,NA
114,27.6,0.09573812,0.367180173559916,0.1450221,1.820673,0.3033441,M_Hermes,8.053513,0.08259437,0,0.8149226,proton,pi+,hermes,NA
115,27.6,0.09573812,0.367180173559916,0.1467733,1.820673,0.4052146,M_Hermes,5.970528,0.07421384,0,0.7066548,proton,pi+,hermes,NA
116,27.6,0.09573812,0.367180173559916,0.1479921,1.820673,0.5275755,M_Hermes,3.305935,0.05815857,0,0.3909224,proton,pi+,hermes,NA
117,27.6,0.09573812,0.367180173559916,0.152725,1.820673,0.7063248,M_Hermes,1.071418,0.05394521,0,0.1007391,proton,pi+,hermes,NA
118,27.6,0.09574256,0.367715300261017,0.1634441,1.823411,0.9341316,M_Hermes,0.1103468,0.03851352,0,0.01130383,proton,pi+,hermes,NA
119,27.6,0.09573812,0.367180173559916,0.2237901,1.820673,0.1015379,M_Hermes,1.819139,0.02950899,0,0.07050891,proton,pi+,hermes,NA
120,27.6,0.09573812,0.367180173559916,0.2241223,1.820673,0.2031645,M_Hermes,3.725523,0.05920246,0,0.1146394,proton,pi+,hermes,NA
121,27.6,0.09573812,0.367180173559916,0.2250223,1.820673,0.301742,M_Hermes,4.605386,0.07266724,0,0.1355365,proton,pi+,hermes,NA
122,27.6,0.09573812,0.367180173559916,0.2255493,1.820673,0.3997225,M_Hermes,3.734409,0.0623364,0,0.1188157,proton,pi+,hermes,NA
123,27.6,0.09573812,0.367180173559916,0.2267088,1.820673,0.5209727,M_Hermes,2.191509,0.0375852,0,0.08959276,proton,pi+,hermes,NA
124,27.6,0.09573812,0.367180173559916,0.2299627,1.820673,0.6981484,M_Hermes,0.7670982,0.02425398,0,0.07365823,proton,pi+,hermes,NA
125,27.6,0.09573812,0.367180173559916,0.2377438,1.820673,0.9619584,M_Hermes,0.1511233,0.01323798,0,0.01447637,proton,pi+,hermes,NA
126,27.6,0.09573812,0.367180173559916,0.2746311,1.820673,0.1018513,M_Hermes,1.245694,0.02300799,0,0.04800808,proton,pi+,hermes,NA
127,27.6,0.09573812,0.367180173559916,0.2739591,1.820673,0.203093,M_Hermes,2.529094,0.04509113,0,0.07933437,proton,pi+,hermes,NA
128,27.6,0.09573812,0.367180173559916,0.2744155,1.820673,0.3017068,M_Hermes,3.212425,0.05788474,0,0.0955962,proton,pi+,hermes,NA
129,27.6,0.09573812,0.367180173559916,0.2751558,1.820673,0.399512,M_Hermes,2.933015,0.05695052,0,0.04487816,proton,pi+,hermes,NA
130,27.6,0.09573812,0.367180173559916,0.2759994,1.820673,0.5197482,M_Hermes,1.772644,0.03320128,0,0.03837505,proton,pi+,hermes,NA
131,27.6,0.09573812,0.367180173559916,0.2778115,1.820673,0.6866005,M_Hermes,0.6670426,0.01825857,0,0.02676758,proton,pi+,hermes,NA
132,27.6,0.09573812,0.367180173559916,0.2801205,1.820673,0.9370765,M_Hermes,0.1106974,0.007215124,0,0.00508859,proton,pi+,hermes,NA
133,27.6,0.09573812,0.367180173559916,0.3342592,1.820673,0.1003825,M_Hermes,0.7828081,0.01346774,0,0.05951366,proton,pi+,hermes,NA
134,27.6,0.09573812,0.367180173559916,0.3343179,1.820673,0.2034839,M_Hermes,1.673167,0.02632323,0,0.05029845,proton,pi+,hermes,NA
135,27.6,0.09573812,0.367180173559916,0.3347903,1.820673,0.3006798,M_Hermes,2.037324,0.0336587,0,0.07436715,proton,pi+,hermes,NA
136,27.6,0.09573812,0.367180173559916,0.3365123,1.820673,0.4007954,M_Hermes,2.011549,0.03664382,0,0.06470788,proton,pi+,hermes,NA
137,27.6,0.09573812,0.367180173559916,0.3370449,1.820673,0.5195907,M_Hermes,1.416043,0.02326985,0,0.03794029,proton,pi+,hermes,NA
138,27.6,0.09573812,0.367180173559916,0.3378232,1.820673,0.6857118,M_Hermes,0.5740146,0.01196952,0,0.01925563,proton,pi+,hermes,NA
139,27.6,0.09573812,0.367180173559916,0.3420251,1.820673,0.9335902,M_Hermes,0.09644445,0.003952474,0,0.003476636,proton,pi+,hermes,NA
140,27.6,0.09573812,0.367180173559916,0.4195182,1.820673,0.1004534,M_Hermes,0.4349107,0.008927437,0,0.04312838,proton,pi+,hermes,NA
141,27.6,0.09573812,0.367180173559916,0.4202932,1.820673,0.2036825,M_Hermes,0.9660701,0.01658609,0,0.05175308,proton,pi+,hermes,NA
142,27.6,0.09573812,0.367180173559916,0.4211114,1.820673,0.3010032,M_Hermes,1.163802,0.02033334,0,0.06547433,proton,pi+,hermes,NA
143,27.6,0.09573812,0.367180173559916,0.4208069,1.820673,0.4003975,M_Hermes,1.112917,0.02247032,0,0.05869091,proton,pi+,hermes,NA
144,27.6,0.09573812,0.367180173559916,0.4224161,1.820673,0.5205,M_Hermes,0.9656083,0.0172756,0,0.04345847,proton,pi+,hermes,NA
145,27.6,0.09573812,0.367180173559916,0.4247426,1.820673,0.684396,M_Hermes,0.4385229,0.009386784,0,0.01489493,proton,pi+,hermes,NA
146,27.6,0.09573812,0.367180173559916,0.4297289,1.820673,0.9340595,M_Hermes,0.08728561,0.002810882,0,0.002666555,proton,pi+,hermes,NA
147,27.6,0.09573812,0.367180173559916,0.5332304,1.820673,0.102859,M_Hermes,0.219937,0.005573941,0,0.02119116,proton,pi+,hermes,NA
148,27.6,0.09573812,0.367180173559916,0.5315024,1.820673,0.2034328,M_Hermes,0.4743345,0.01036545,0,0.03306089,proton,pi+,hermes,NA
149,27.6,0.09573812,0.367180173559916,0.5314655,1.820673,0.3020748,M_Hermes,0.5854665,0.01253122,0,0.0419014,proton,pi+,hermes,NA
150,27.6,0.09573812,0.367180173559916,0.5327436,1.820673,0.400492,M_Hermes,0.6530008,0.01423228,0,0.045002,proton,pi+,hermes,NA
151,27.6,0.09573812,0.367180173559916,0.5337797,1.820673,0.5206743,M_Hermes,0.5735478,0.01147411,0,0.03612657,proton,pi+,hermes,NA
152,27.6,0.09573812,0.367180173559916,0.5366226,1.820673,0.6890582,M_Hermes,0.3891771,0.008785122,0,0.01580043,proton,pi+,hermes,NA
153,27.6,0.09573812,0.367180173559916,0.5397119,1.820673,0.9240923,M_Hermes,0.08596183,0.002492508,0,0.00396202,proton,pi+,hermes,NA
154,27.6,0.09573812,0.367180173559916,0.6960489,1.820673,0.1013834,M_Hermes,0.09208025,0.003235859,0,0.009732379,proton,pi+,hermes,NA
155,27.6,0.09573812,0.367180173559916,0.6945094,1.820673,0.2034764,M_Hermes,0.2169941,0.006197709,0,0.01429619,proton,pi+,hermes,NA
156,27.6,0.09573812,0.367180173559916,0.6939175,1.820673,0.3011317,M_Hermes,0.290837,0.007392037,0,0.02485423,proton,pi+,hermes,NA
157,27.6,0.09573812,0.367180173559916,0.6905711,1.820673,0.3995299,M_Hermes,0.3100841,0.007716204,0,0.02980987,proton,pi+,hermes,NA
158,27.6,0.09573812,0.367180173559916,0.6903756,1.820673,0.5228322,M_Hermes,0.3175683,0.006440214,0,0.02638624,proton,pi+,hermes,NA
159,27.6,0.09573812,0.367180173559916,0.6890572,1.820673,0.6909232,M_Hermes,0.2339074,0.00525455,0,0.01266567,proton,pi+,hermes,NA
160,27.6,0.09573812,0.367180173559916,0.6948838,1.820673,0.9272209,M_Hermes,0.07285214,0.001969714,0,0.00414907,proton,pi+,hermes,NA
161,27.6,0.09573812,0.367180173559916,0.9016582,1.820673,0.1020361,M_Hermes,0.05555105,0.001526177,0,0.005890197,proton,pi+,hermes,NA
162,27.6,0.09573812,0.367180173559916,0.897135,1.820673,0.1991386,M_Hermes,0.1051777,0.003083497,0,0.006694805,proton,pi+,hermes,NA
163,27.6,0.09573812,0.367180173559916,0.8886286,1.820673,0.297853,M_Hermes,0.1079473,0.00321236,0,0.009061828,proton,pi+,hermes,NA
164,27.6,0.09573812,0.367180173559916,0.8843359,1.820673,0.4009305,M_Hermes,0.08408317,0.002957104,0,0.007897471,proton,pi+,hermes,NA
165,27.6,0.09573812,0.367180173559916,0.8748845,1.820673,0.518897,M_Hermes,0.06664911,0.002076168,0,0.005302718,proton,pi+,hermes,NA
166,27.6,0.09573812,0.367180173559916,0.8664522,1.820673,0.6882752,M_Hermes,0.05076867,0.001753945,0,0.0025556,proton,pi+,hermes,NA
167,27.6,0.09573812,0.367180173559916,0.8560135,1.820673,0.9247523,M_Hermes,0.01863889,0.0008322819,0,0.0009625504,proton,pi+,hermes,NA
168,27.6,0.1522067,0.364756219458475,0.1408494,2.87544,0.1021944,M_Hermes,3.705209,0.05566663,0,0.4025024,proton,pi+,hermes,NA
169,27.6,0.1522067,0.364756219458475,0.1416427,2.87544,0.2030488,M_Hermes,7.979069,0.1116782,0,0.7392703,proton,pi+,hermes,NA
170,27.6,0.1522067,0.364756219458475,0.1432615,2.87544,0.2997875,M_Hermes,8.28587,0.1200485,0,0.985206,proton,pi+,hermes,NA
171,27.6,0.1522067,0.364756219458475,0.1448699,2.87544,0.3978712,M_Hermes,5.656877,0.09955753,0,0.7808993,proton,pi+,hermes,NA
172,27.6,0.1522067,0.364756219458475,0.1444523,2.87544,0.5151589,M_Hermes,3.112055,0.07359365,0,0.4343968,proton,pi+,hermes,NA
173,27.6,0.1522067,0.364756219458475,0.1494346,2.87544,0.6792425,M_Hermes,0.9048193,0.06523319,0,0.1035176,proton,pi+,hermes,NA
174,27.6,0.1522067,0.364756219458475,0.1576206,2.87544,0.8880217,M_Hermes,0.1071662,0.03617428,0,0.01227921,proton,pi+,hermes,NA
175,27.6,0.1522067,0.364756219458475,0.2233066,2.87544,0.1016154,M_Hermes,1.847455,0.03433341,0,0.1072585,proton,pi+,hermes,NA
176,27.6,0.1522067,0.364756219458475,0.2235562,2.87544,0.203259,M_Hermes,3.77647,0.0708899,0,0.1966088,proton,pi+,hermes,NA
177,27.6,0.1522067,0.364756219458475,0.223937,2.87544,0.3001776,M_Hermes,4.380336,0.08924043,0,0.2038751,proton,pi+,hermes,NA
178,27.6,0.1522067,0.364756219458475,0.2242664,2.87544,0.3978186,M_Hermes,3.715513,0.08450843,0,0.1797341,proton,pi+,hermes,NA
179,27.6,0.1522067,0.364756219458475,0.225054,2.87544,0.517897,M_Hermes,2.038461,0.04803246,0,0.1210843,proton,pi+,hermes,NA
180,27.6,0.1522067,0.364756219458475,0.2256808,2.87544,0.6830358,M_Hermes,0.7625644,0.03093353,0,0.08929346,proton,pi+,hermes,NA
181,27.6,0.1522067,0.364756219458475,0.2275807,2.87544,0.9170666,M_Hermes,0.08306189,0.01397225,0,0.009803232,proton,pi+,hermes,NA
182,27.6,0.1522067,0.364756219458475,0.2730387,2.87544,0.1019991,M_Hermes,1.251476,0.02711999,0,0.07229304,proton,pi+,hermes,NA
183,27.6,0.1522067,0.364756219458475,0.273649,2.87544,0.2036328,M_Hermes,2.677037,0.05185757,0,0.09666559,proton,pi+,hermes,NA
184,27.6,0.1522067,0.364756219458475,0.2737446,2.87544,0.3008867,M_Hermes,3.038152,0.06958433,0,0.1119915,proton,pi+,hermes,NA
185,27.6,0.1522067,0.364756219458475,0.27483,2.87544,0.3973777,M_Hermes,2.862345,0.07302547,0,0.08361363,proton,pi+,hermes,NA
186,27.6,0.1522067,0.364756219458475,0.2749133,2.87544,0.5189252,M_Hermes,1.752757,0.04367244,0,0.06339893,proton,pi+,hermes,NA
187,27.6,0.1522067,0.364756219458475,0.2750442,2.87544,0.6840308,M_Hermes,0.6130028,0.02253809,0,0.03607446,proton,pi+,hermes,NA
188,27.6,0.1522067,0.364756219458475,0.2762673,2.87544,0.9194265,M_Hermes,0.09183955,0.008532919,0,0.005473487,proton,pi+,hermes,NA
189,27.6,0.1522067,0.364756219458475,0.3346326,2.87544,0.1000063,M_Hermes,0.7798529,0.0161488,0,0.04558331,proton,pi+,hermes,NA
190,27.6,0.1522067,0.364756219458475,0.3339423,2.87544,0.2028664,M_Hermes,1.657596,0.03036062,0,0.04167969,proton,pi+,hermes,NA
191,27.6,0.1522067,0.364756219458475,0.3344857,2.87544,0.3005534,M_Hermes,2.100811,0.0391235,0,0.05559921,proton,pi+,hermes,NA
192,27.6,0.1522067,0.364756219458475,0.3352979,2.87544,0.3987392,M_Hermes,2.046103,0.04559055,0,0.05266307,proton,pi+,hermes,NA
193,27.6,0.1522067,0.364756219458475,0.3361618,2.87544,0.5174031,M_Hermes,1.355529,0.02982743,0,0.04271685,proton,pi+,hermes,NA
194,27.6,0.1522067,0.364756219458475,0.3380527,2.87544,0.6805782,M_Hermes,0.596653,0.01584782,0,0.02729066,proton,pi+,hermes,NA
195,27.6,0.1522067,0.364756219458475,0.3374805,2.87544,0.9171139,M_Hermes,0.0890553,0.004865829,0,0.004446988,proton,pi+,hermes,NA
196,27.6,0.1522067,0.364756219458475,0.4200232,2.87544,0.1001037,M_Hermes,0.4543597,0.01049929,0,0.03807266,proton,pi+,hermes,NA
197,27.6,0.1522067,0.364756219458475,0.4197803,2.87544,0.2024835,M_Hermes,0.9222149,0.01884862,0,0.03154927,proton,pi+,hermes,NA
198,27.6,0.1522067,0.364756219458475,0.4206726,2.87544,0.3011082,M_Hermes,1.152623,0.02339623,0,0.04548941,proton,pi+,hermes,NA
199,27.6,0.1522067,0.364756219458475,0.4201912,2.87544,0.3991343,M_Hermes,1.23602,0.0275457,0,0.04842835,proton,pi+,hermes,NA
200,27.6,0.1522067,0.364756219458475,0.4225775,2.87544,0.5197599,M_Hermes,0.9566863,0.0215564,0,0.03039304,proton,pi+,hermes,NA
201,27.6,0.1522067,0.364756219458475,0.4230185,2.87544,0.6861415,M_Hermes,0.4801157,0.01309207,0,0.01806988,proton,pi+,hermes,NA
202,27.6,0.1522067,0.364756219458475,0.4255617,2.87544,0.9240385,M_Hermes,0.09040044,0.003637378,0,0.003466102,proton,pi+,hermes,NA
203,27.6,0.1522067,0.364756219458475,0.5307221,2.87544,0.1014433,M_Hermes,0.2119834,0.006889987,0,0.01753831,proton,pi+,hermes,NA
204,27.6,0.1522067,0.364756219458475,0.5320752,2.87544,0.2022009,M_Hermes,0.4794717,0.01312508,0,0.02471557,proton,pi+,hermes,NA
205,27.6,0.1522067,0.364756219458475,0.5313705,2.87544,0.3019197,M_Hermes,0.5729055,0.0152746,0,0.03154147,proton,pi+,hermes,NA
206,27.6,0.1522067,0.364756219458475,0.5315255,2.87544,0.3998206,M_Hermes,0.6285777,0.01723939,0,0.03383962,proton,pi+,hermes,NA
207,27.6,0.1522067,0.364756219458475,0.5316721,2.87544,0.5211361,M_Hermes,0.5884357,0.01383807,0,0.02856477,proton,pi+,hermes,NA
208,27.6,0.1522067,0.364756219458475,0.5348284,2.87544,0.6874533,M_Hermes,0.362946,0.01054259,0,0.01386517,proton,pi+,hermes,NA
209,27.6,0.1522067,0.364756219458475,0.5395883,2.87544,0.9230322,M_Hermes,0.07374522,0.003124894,0,0.002562568,proton,pi+,hermes,NA
210,27.6,0.1522067,0.364756219458475,0.6966653,2.87544,0.1020401,M_Hermes,0.09376155,0.004357424,0,0.008093925,proton,pi+,hermes,NA
211,27.6,0.1522067,0.364756219458475,0.6922733,2.87544,0.20194,M_Hermes,0.2152199,0.008342245,0,0.009914532,proton,pi+,hermes,NA
212,27.6,0.1522067,0.364756219458475,0.6930675,2.87544,0.3006171,M_Hermes,0.2713125,0.009323048,0,0.01994216,proton,pi+,hermes,NA
213,27.6,0.1522067,0.364756219458475,0.6916076,2.87544,0.3990339,M_Hermes,0.2737355,0.009701723,0,0.02218092,proton,pi+,hermes,NA
214,27.6,0.1522067,0.364756219458475,0.6877124,2.87544,0.5207633,M_Hermes,0.2604056,0.007090672,0,0.0184942,proton,pi+,hermes,NA
215,27.6,0.1522067,0.364756219458475,0.6891702,2.87544,0.6882359,M_Hermes,0.213146,0.00599404,0,0.009485695,proton,pi+,hermes,NA
216,27.6,0.1522067,0.364756219458475,0.6917708,2.87544,0.931162,M_Hermes,0.07398356,0.00241825,0,0.003421666,proton,pi+,hermes,NA
217,27.6,0.1522067,0.364756219458475,0.9013717,2.87544,0.09978446,M_Hermes,0.05884174,0.002371967,0,0.0050062,proton,pi+,hermes,NA
218,27.6,0.1522067,0.364756219458475,0.8967331,2.87544,0.2009713,M_Hermes,0.1021653,0.004251382,0,0.004455681,proton,pi+,hermes,NA
219,27.6,0.1522067,0.364756219458475,0.8908345,2.87544,0.2998017,M_Hermes,0.1103369,0.004608953,0,0.007731154,proton,pi+,hermes,NA
220,27.6,0.1522067,0.364756219458475,0.8860143,2.87544,0.3984479,M_Hermes,0.1063961,0.004626154,0,0.008480898,proton,pi+,hermes,NA
221,27.6,0.1522067,0.364756219458475,0.8811046,2.87544,0.5226249,M_Hermes,0.07696093,0.003053993,0,0.00539028,proton,pi+,hermes,NA
222,27.6,0.1522067,0.364756219458475,0.867857,2.87544,0.6897536,M_Hermes,0.04568463,0.002017397,0,0.001853701,proton,pi+,hermes,NA
223,27.6,0.1522067,0.364756219458475,0.8587478,2.87544,0.9248074,M_Hermes,0.01312313,0.0007672171,0,0.0005133685,proton,pi+,hermes,NA
224,27.6,0.2538812,0.398600791040684,0.1412278,5.24127,0.1024111,M_Hermes,3.740973,0.09105281,0,0.4136474,proton,pi+,hermes,NA
225,27.6,0.2538812,0.398600791040684,0.1417967,5.24127,0.2019977,M_Hermes,7.636099,0.2002938,0,1.025706,proton,pi+,hermes,NA
226,27.6,0.2538812,0.398600791040684,0.1432386,5.24127,0.2984533,M_Hermes,8.061321,0.2341774,0,0.8520992,proton,pi+,hermes,NA
227,27.6,0.2538812,0.398600791040684,0.1444774,5.24127,0.3972827,M_Hermes,5.970342,0.1925937,0,0.6138554,proton,pi+,hermes,NA
228,27.6,0.2538812,0.398600791040684,0.1445631,5.24127,0.5135026,M_Hermes,3.263147,0.1297109,0,0.3659594,proton,pi+,hermes,NA
229,27.6,0.2538812,0.398600791040684,0.1464788,5.24127,0.6713826,M_Hermes,0.9686415,0.1102896,0,0.1657297,proton,pi+,hermes,NA
230,27.6,0.2538859,0.398829848424427,0.1594801,5.244379,0.8621616,M_Hermes,0.1166064,0.08892115,0,0.02283001,proton,pi+,hermes,NA
231,27.6,0.2538812,0.398600791040684,0.2233892,5.24127,0.1019924,M_Hermes,1.867888,0.05341661,0,0.1771403,proton,pi+,hermes,NA
232,27.6,0.2538812,0.398600791040684,0.2233718,5.24127,0.2033556,M_Hermes,4.068381,0.1087954,0,0.2628498,proton,pi+,hermes,NA
233,27.6,0.2538812,0.398600791040684,0.2235769,5.24127,0.2997037,M_Hermes,4.633999,0.1443203,0,0.4153176,proton,pi+,hermes,NA
234,27.6,0.2538812,0.398600791040684,0.2240324,5.24127,0.397934,M_Hermes,3.761011,0.1504227,0,0.3943741,proton,pi+,hermes,NA
235,27.6,0.2538812,0.398600791040684,0.2237448,5.24127,0.5126537,M_Hermes,2.206138,0.0864389,0,0.2364851,proton,pi+,hermes,NA
236,27.6,0.2538812,0.398600791040684,0.2243563,5.24127,0.6780162,M_Hermes,0.7736165,0.05103875,0,0.07260064,proton,pi+,hermes,NA
237,27.6,0.2538812,0.398600791040684,0.2348217,5.24127,0.9514567,M_Hermes,0.1090022,0.02764168,0,0.01032936,proton,pi+,hermes,NA
238,27.6,0.2538812,0.398600791040684,0.2735936,5.24127,0.1002323,M_Hermes,1.26497,0.04304957,0,0.07618089,proton,pi+,hermes,NA
239,27.6,0.2538812,0.398600791040684,0.2733431,5.24127,0.20314,M_Hermes,2.541366,0.07987028,0,0.158985,proton,pi+,hermes,NA
240,27.6,0.2538812,0.398600791040684,0.2736796,5.24127,0.3006501,M_Hermes,3.178644,0.102656,0,0.2939572,proton,pi+,hermes,NA
241,27.6,0.2538812,0.398600791040684,0.2742115,5.24127,0.3991508,M_Hermes,3.082364,0.117075,0,0.1454187,proton,pi+,hermes,NA
242,27.6,0.2538812,0.398600791040684,0.2740728,5.24127,0.5158629,M_Hermes,2.016931,0.07989787,0,0.116496,proton,pi+,hermes,NA
243,27.6,0.2538812,0.398600791040684,0.2748611,5.24127,0.6792856,M_Hermes,0.6643664,0.03842513,0,0.05369266,proton,pi+,hermes,NA
244,27.6,0.2538812,0.398600791040684,0.2762963,5.24127,0.9155346,M_Hermes,0.09425756,0.01437359,0,0.007731651,proton,pi+,hermes,NA
245,27.6,0.2538812,0.398600791040684,0.3342764,5.24127,0.09973491,M_Hermes,0.8654277,0.02747066,0,0.02739662,proton,pi+,hermes,NA
246,27.6,0.2538812,0.398600791040684,0.334425,5.24127,0.2033967,M_Hermes,1.677482,0.04869847,0,0.09630737,proton,pi+,hermes,NA
247,27.6,0.2538812,0.398600791040684,0.3344928,5.24127,0.3008143,M_Hermes,2.191843,0.06064634,0,0.07258551,proton,pi+,hermes,NA
248,27.6,0.2538812,0.398600791040684,0.3348734,5.24127,0.3993397,M_Hermes,2.120636,0.068801,0,0.07677248,proton,pi+,hermes,NA
249,27.6,0.2538812,0.398600791040684,0.3352298,5.24127,0.5193547,M_Hermes,1.432903,0.05033814,0,0.06357121,proton,pi+,hermes,NA
250,27.6,0.2538812,0.398600791040684,0.3362305,5.24127,0.6811981,M_Hermes,0.6069519,0.02860593,0,0.05019181,proton,pi+,hermes,NA
251,27.6,0.2538812,0.398600791040684,0.3397942,5.24127,0.916139,M_Hermes,0.08891577,0.008041254,0,0.007342831,proton,pi+,hermes,NA
252,27.6,0.2538812,0.398600791040684,0.4196647,5.24127,0.1003157,M_Hermes,0.4473959,0.01715282,0,0.006602281,proton,pi+,hermes,NA
253,27.6,0.2538812,0.398600791040684,0.4198275,5.24127,0.2029741,M_Hermes,0.9263744,0.0319293,0,0.05643168,proton,pi+,hermes,NA
254,27.6,0.2538812,0.398600791040684,0.4198693,5.24127,0.302474,M_Hermes,1.165386,0.03825025,0,0.0311112,proton,pi+,hermes,NA
255,27.6,0.2538812,0.398600791040684,0.4200415,5.24127,0.3991287,M_Hermes,1.126414,0.04160669,0,0.03338026,proton,pi+,hermes,NA
256,27.6,0.2538812,0.398600791040684,0.4200672,5.24127,0.5190967,M_Hermes,0.9465064,0.03205305,0,0.035072,proton,pi+,hermes,NA
257,27.6,0.2538812,0.398600791040684,0.4211568,5.24127,0.6851801,M_Hermes,0.5012505,0.0222336,0,0.03710873,proton,pi+,hermes,NA
258,27.6,0.2538812,0.398600791040684,0.4242912,5.24127,0.9146576,M_Hermes,0.09362633,0.006388618,0,0.006988321,proton,pi+,hermes,NA
259,27.6,0.2538812,0.398600791040684,0.5288867,5.24127,0.1012329,M_Hermes,0.2077642,0.01153553,0,0.008859879,proton,pi+,hermes,NA
260,27.6,0.2538812,0.398600791040684,0.5317876,5.24127,0.2022947,M_Hermes,0.4587505,0.02181492,0,0.0252553,proton,pi+,hermes,NA
261,27.6,0.2538812,0.398600791040684,0.5299211,5.24127,0.3007535,M_Hermes,0.561045,0.02605066,0,0.04706321,proton,pi+,hermes,NA
262,27.6,0.2538812,0.398600791040684,0.5310768,5.24127,0.3998819,M_Hermes,0.553856,0.02708227,0,0.02058406,proton,pi+,hermes,NA
263,27.6,0.2538812,0.398600791040684,0.5317562,5.24127,0.5212398,M_Hermes,0.5681726,0.02048388,0,0.02303849,proton,pi+,hermes,NA
264,27.6,0.2538812,0.398600791040684,0.5334503,5.24127,0.6864359,M_Hermes,0.3197275,0.01462834,0,0.01608434,proton,pi+,hermes,NA
265,27.6,0.2538812,0.398600791040684,0.5351942,5.24127,0.9200033,M_Hermes,0.08922498,0.005841256,0,0.004499661,proton,pi+,hermes,NA
266,27.6,0.2538812,0.398600791040684,0.6875139,5.24127,0.09939533,M_Hermes,0.09604158,0.007355691,0,0.003077166,proton,pi+,hermes,NA
267,27.6,0.2538812,0.398600791040684,0.6874521,5.24127,0.2026394,M_Hermes,0.2289709,0.01437272,0,0.01691132,proton,pi+,hermes,NA
268,27.6,0.2538812,0.398600791040684,0.6898321,5.24127,0.3008186,M_Hermes,0.2679422,0.01674789,0,0.01458824,proton,pi+,hermes,NA
269,27.6,0.2538812,0.398600791040684,0.6895399,5.24127,0.3998817,M_Hermes,0.2614272,0.01683335,0,0.01148534,proton,pi+,hermes,NA
270,27.6,0.2538812,0.398600791040684,0.6887112,5.24127,0.5211443,M_Hermes,0.2491065,0.01132574,0,0.01102623,proton,pi+,hermes,NA
271,27.6,0.2538812,0.398600791040684,0.6877312,5.24127,0.6895752,M_Hermes,0.160701,0.007610081,0,0.006578277,proton,pi+,hermes,NA
272,27.6,0.2538812,0.398600791040684,0.6882928,5.24127,0.9349834,M_Hermes,0.05920023,0.003304612,0,0.002315592,proton,pi+,hermes,NA
273,27.6,0.2538812,0.398600791040684,0.9042858,5.24127,0.1003364,M_Hermes,0.04825704,0.00374429,0,0.001387153,proton,pi+,hermes,NA
274,27.6,0.2538812,0.398600791040684,0.8979075,5.24127,0.2046823,M_Hermes,0.08296024,0.007172878,0,0.006204332,proton,pi+,hermes,NA
275,27.6,0.2538812,0.398600791040684,0.8912909,5.24127,0.3002725,M_Hermes,0.09753581,0.008168717,0,0.005434107,proton,pi+,hermes,NA
276,27.6,0.2538812,0.398600791040684,0.8847169,5.24127,0.3988221,M_Hermes,0.09730293,0.008808696,0,0.00451906,proton,pi+,hermes,NA
277,27.6,0.2538812,0.398600791040684,0.8826367,5.24127,0.5205144,M_Hermes,0.07051693,0.00508724,0,0.00279324,proton,pi+,hermes,NA
278,27.6,0.2538812,0.398600791040684,0.8751826,5.24127,0.6883358,M_Hermes,0.05060736,0.003220005,0,0.001930859,proton,pi+,hermes,NA
279,27.6,0.2538812,0.398600791040684,0.8526,5.24127,0.9168519,M_Hermes,0.01236445,0.001203907,0,0.0004719064,proton,pi+,hermes,NA
280,27.6,0.4100563,0.433812395777443,0.141085,9.213259,0.104772,M_Hermes,3.92514,0.3213458,0,0.4317633,proton,pi+,hermes,NA
281,27.6,0.4100563,0.433812395777443,0.1415724,9.213259,0.205772,M_Hermes,9.540543,0.7912504,0,1.286004,proton,pi+,hermes,NA
282,27.6,0.4100563,0.433812395777443,0.142234,9.213259,0.2995122,M_Hermes,9.168412,0.9132239,0,1.004248,proton,pi+,hermes,NA
283,27.6,0.4100563,0.433812395777443,0.1450657,9.213259,0.3989072,M_Hermes,6.027829,0.6976813,0,0.6354893,proton,pi+,hermes,NA
284,27.6,0.4100563,0.433812395777443,0.1430439,9.213259,0.519642,M_Hermes,3.809842,0.447796,0,0.4350749,proton,pi+,hermes,NA
285,27.6,0.4100563,0.433812395777443,0.1474982,9.213259,0.6725072,M_Hermes,1.157701,0.3159776,0,0.1981871,proton,pi+,hermes,NA
286,27.6,0.4100285,0.434077723488268,0.152428,9.218269,0.8378249,M_Hermes,0.2890005,0.3392398,0,0.04908715,proton,pi+,hermes,NA
287,27.6,0.4100563,0.433812395777443,0.2228513,9.213259,0.1004769,M_Hermes,1.840735,0.1767311,0,0.1805514,proton,pi+,hermes,NA
288,27.6,0.4100563,0.433812395777443,0.2239965,9.213259,0.2030138,M_Hermes,4.136082,0.3298315,0,0.2861483,proton,pi+,hermes,NA
289,27.6,0.4100563,0.433812395777443,0.2234132,9.213259,0.3004495,M_Hermes,5.950523,0.4379744,0,0.5543201,proton,pi+,hermes,NA
290,27.6,0.4100563,0.433812395777443,0.2242476,9.213259,0.3985812,M_Hermes,4.31162,0.4567181,0,0.4689694,proton,pi+,hermes,NA
291,27.6,0.4100563,0.433812395777443,0.2249432,9.213259,0.5120458,M_Hermes,2.801864,0.2793328,0,0.3056741,proton,pi+,hermes,NA
292,27.6,0.4100563,0.433812395777443,0.2237477,9.213259,0.6801197,M_Hermes,0.7314495,0.1361435,0,0.0706676,proton,pi+,hermes,NA
293,27.6,0.4100563,0.433812395777443,0.2305235,9.213259,0.8537389,M_Hermes,0.1019586,0.07500114,0,0.009844788,proton,pi+,hermes,NA
294,27.6,0.4100563,0.433812395777443,0.2753164,9.213259,0.1011079,M_Hermes,1.348901,0.1474953,0,0.0812829,proton,pi+,hermes,NA
295,27.6,0.4100563,0.433812395777443,0.2731393,9.213259,0.205864,M_Hermes,2.791774,0.2613179,0,0.1798549,proton,pi+,hermes,NA
296,27.6,0.4100563,0.433812395777443,0.2734296,9.213259,0.3021626,M_Hermes,3.57489,0.3284395,0,0.3341733,proton,pi+,hermes,NA
297,27.6,0.4100563,0.433812395777443,0.2728007,9.213259,0.3965192,M_Hermes,3.050111,0.3522193,0,0.1560694,proton,pi+,hermes,NA
298,27.6,0.4100563,0.433812395777443,0.2735613,9.213259,0.5174612,M_Hermes,2.071449,0.2435428,0,0.1266298,proton,pi+,hermes,NA
299,27.6,0.4100563,0.433812395777443,0.2777073,9.213259,0.6717352,M_Hermes,0.9149857,0.1364088,0,0.0758985,proton,pi+,hermes,NA
300,27.6,0.409992,0.433856461225069,0.2837143,9.21275,0.9139649,M_Hermes,0.06028603,0.03862638,0,0.004958659,proton,pi+,hermes,NA
301,27.6,0.4100563,0.433812395777443,0.3337173,9.213259,0.1082822,M_Hermes,0.826176,0.08863095,0,0.02048754,proton,pi+,hermes,NA
302,27.6,0.4100563,0.433812395777443,0.3357846,9.213259,0.203657,M_Hermes,1.662614,0.1566905,0,0.09891125,proton,pi+,hermes,NA
303,27.6,0.4100563,0.433812395777443,0.336851,9.213259,0.2998794,M_Hermes,2.102054,0.1968281,0,0.08035587,proton,pi+,hermes,NA
304,27.6,0.4100563,0.433812395777443,0.3334891,9.213259,0.3997296,M_Hermes,2.136841,0.211448,0,0.09649208,proton,pi+,hermes,NA
305,27.6,0.4100563,0.433812395777443,0.334522,9.213259,0.5199434,M_Hermes,1.696654,0.1555876,0,0.08084071,proton,pi+,hermes,NA
306,27.6,0.4100563,0.433812395777443,0.3368333,9.213259,0.6778405,M_Hermes,0.834508,0.1046346,0,0.06853977,proton,pi+,hermes,NA
307,27.6,0.4100563,0.433812395777443,0.3386777,9.213259,0.8854977,M_Hermes,0.06416889,0.02272341,0,0.005400943,proton,pi+,hermes,NA
308,27.6,0.4100563,0.433812395777443,0.4220476,9.213259,0.1028415,M_Hermes,0.3497287,0.05341652,0,0.007678069,proton,pi+,hermes,NA
309,27.6,0.4100563,0.433812395777443,0.4203105,9.213259,0.2019101,M_Hermes,0.9278412,0.1102821,0,0.0567546,proton,pi+,hermes,NA
310,27.6,0.4100563,0.433812395777443,0.4188327,9.213259,0.3043648,M_Hermes,1.451229,0.1346178,0,0.04158314,proton,pi+,hermes,NA
311,27.6,0.4100563,0.433812395777443,0.4196382,9.213259,0.3990046,M_Hermes,1.161587,0.1361208,0,0.03852643,proton,pi+,hermes,NA
312,27.6,0.4100563,0.433812395777443,0.4226059,9.213259,0.5173808,M_Hermes,0.8241262,0.09503369,0,0.03052181,proton,pi+,hermes,NA
313,27.6,0.4100563,0.433812395777443,0.4208179,9.213259,0.6798517,M_Hermes,0.5716079,0.06994244,0,0.04153251,proton,pi+,hermes,NA
314,27.6,0.4100563,0.433812395777443,0.4249467,9.213259,0.8921141,M_Hermes,0.115643,0.02188181,0,0.008422059,proton,pi+,hermes,NA
315,27.6,0.4100563,0.433812395777443,0.5321777,9.213259,0.09885051,M_Hermes,0.1807288,0.03771505,0,0.008496346,proton,pi+,hermes,NA
316,27.6,0.4100563,0.433812395777443,0.5318629,9.213259,0.2041226,M_Hermes,0.5976104,0.08250714,0,0.03413736,proton,pi+,hermes,NA
317,27.6,0.409992,0.433856461225069,0.5319474,9.21275,0.3003605,M_Hermes,0.585843,0.09896092,0,0.02522788,proton,pi+,hermes,NA
318,27.6,0.4100563,0.433812395777443,0.5295747,9.213259,0.3999113,M_Hermes,0.6863173,0.0992156,0,0.02816445,proton,pi+,hermes,NA
319,27.6,0.4100563,0.433812395777443,0.5335171,9.213259,0.5177316,M_Hermes,0.571974,0.06448983,0,0.01754844,proton,pi+,hermes,NA
320,27.6,0.4100563,0.433812395777443,0.5363879,9.213259,0.6881568,M_Hermes,0.1675222,0.03729645,0,0.007490451,proton,pi+,hermes,NA
321,27.6,0.4100563,0.433812395777443,0.5423853,9.213259,0.8951508,M_Hermes,0.07136719,0.0146832,0,0.003277973,proton,pi+,hermes,NA
322,27.6,0.4100563,0.433812395777443,0.6918386,9.213259,0.09357131,M_Hermes,0.1006169,0.02342157,0,0.003345836,proton,pi+,hermes,NA
323,27.6,0.4100563,0.433812395777443,0.6877474,9.213259,0.2007538,M_Hermes,0.150826,0.04629579,0,0.01121426,proton,pi+,hermes,NA
324,27.6,0.4100563,0.433812395777443,0.6903601,9.213259,0.3032427,M_Hermes,0.2982111,0.05642733,0,0.01619274,proton,pi+,hermes,NA
325,27.6,0.4100563,0.433812395777443,0.6900731,9.213259,0.4009098,M_Hermes,0.2263662,0.05494819,0,0.009449115,proton,pi+,hermes,NA
326,27.6,0.4100563,0.433812395777443,0.685771,9.213259,0.5173448,M_Hermes,0.2581389,0.03697969,0,0.01045639,proton,pi+,hermes,NA
327,27.6,0.4100563,0.433812395777443,0.6795873,9.213259,0.6841559,M_Hermes,0.1624511,0.02302173,0,0.006709633,proton,pi+,hermes,NA
328,27.6,0.4100563,0.433812395777443,0.6974664,9.213259,0.9284645,M_Hermes,0.06138864,0.009201731,0,0.002476439,proton,pi+,hermes,NA
329,27.6,0.409992,0.433856461225069,0.899785,9.21275,0.08824993,M_Hermes,0.02383365,0.01041744,0,0.0007579631,proton,pi+,hermes,NA
330,27.6,0.4100563,0.433812395777443,0.8891143,9.213259,0.2033525,M_Hermes,0.07424157,0.02347409,0,0.005601852,proton,pi+,hermes,NA
331,27.6,0.4100563,0.433812395777443,0.8870374,9.213259,0.3027304,M_Hermes,0.1080858,0.02832207,0,0.005788617,proton,pi+,hermes,NA
332,27.6,0.4100563,0.433812395777443,0.8849774,9.213259,0.3985678,M_Hermes,0.08976266,0.02976214,0,0.004030238,proton,pi+,hermes,NA
333,27.6,0.4100563,0.433812395777443,0.8846162,9.213259,0.5195508,M_Hermes,0.05869948,0.01657037,0,0.002659681,proton,pi+,hermes,NA
334,27.6,0.4100563,0.433812395777443,0.8698684,9.213259,0.6821199,M_Hermes,0.04675494,0.009842353,0,0.00201924,proton,pi+,hermes,NA
335,27.6,0.409992,0.433856461225069,0.8499623,9.21275,0.8967781,M_Hermes,0.01496651,0.004012779,0,0.000637071,proton,pi+,hermes,NA